id,Nombres,Apellidos,Telefonos,Direccion,createdAt,updatedAt
1,Granger,Capper,305-676-9642,899 Center Hill,7/17/2021,2/5/2021
2,Marita,Mattecot,531-615-2462,75 Fremont Center,12/3/2021,9/4/2021
3,Trixie,Riping,543-634-0897,578 Fair Oaks Junction,5/16/2021,5/4/2021
4,Bendix,Lofty,137-533-4155,7 Boyd Drive,3/10/2021,10/11/2021
5,Imojean,Tourry,920-222-1776,8030 Oneill Drive,10/18/2021,4/10/2021
6,Blakeley,Coventry,836-999-0174,1807 West Alley,11/10/2021,11/30/2021
7,Sabrina,Really,935-305-0687,3247 Mockingbird Junction,6/29/2021,7/19/2021
8,Alleyn,Pidduck,448-376-1748,71 6th Terrace,5/29/2021,5/22/2021
9,Ashley,Bitchener,137-525-0070,89677 Mcbride Trail,10/29/2021,6/19/2021
10,Bertrando,Maghull,609-532-4623,59689 Mayer Terrace,3/14/2021,8/20/2021
11,Gwenora,Coonihan,573-159-1955,35 Jay Way,2/5/2021,12/28/2021
12,Christalle,Crichmer,447-165-1128,24 Cody Pass,11/11/2021,11/5/2021
13,Averill,Ellice,815-118-9436,0 Forest Dale Point,3/16/2021,5/23/2021
14,Frieda,Wytchard,150-630-7961,88 Marquette Hill,5/1/2021,2/22/2021
15,Claire,Caudrey,224-660-1166,864 Service Park,10/3/2021,5/4/2021
16,Cleopatra,Pinck,552-315-1279,69 Springview Crossing,3/19/2021,7/31/2021
17,Desirae,Ratnege,796-786-2775,39 Loomis Street,6/20/2021,5/17/2021
18,Gallagher,Spritt,413-861-1588,747 Twin Pines Terrace,10/17/2021,3/8/2021
19,Elyn,Bortolozzi,832-590-4253,09751 Commercial Way,7/7/2021,12/13/2021
20,Hester,Guinn,101-800-6796,609 Cody Center,10/26/2021,11/20/2021
21,Merralee,Trahar,832-466-9887,105 Muir Road,1/22/2022,12/14/2021
22,Creigh,Sweetmore,730-347-1755,2 Petterle Road,5/4/2021,5/6/2021
23,Marlyn,Robe,721-268-0143,2297 Drewry Street,6/7/2021,6/26/2021
24,Fax,Haswall,804-379-9114,297 Coolidge Alley,6/22/2021,1/28/2021
25,Marielle,Hubner,792-548-5560,430 Sundown Circle,9/27/2021,2/15/2021
26,Addia,Rolf,779-688-4671,301 Mccormick Crossing,3/13/2021,11/23/2021
27,Enrique,Rayer,450-429-4871,8357 Ilene Alley,7/29/2021,2/4/2021
28,Alleen,Soots,310-981-5389,38 Milwaukee Court,9/27/2021,4/30/2021
29,Aurelie,Yon,479-541-2186,373 Dwight Junction,4/27/2021,6/4/2021
30,Lew,Hachette,879-948-3453,864 Truax Plaza,12/12/2021,4/8/2021
31,Trista,Koene,511-212-8893,736 Melody Road,1/22/2022,7/8/2021
32,Frasquito,Douch,317-401-6738,9 Prentice Lane,2/4/2021,5/7/2021
33,Nola,Fawssett,642-518-9835,58607 Orin Pass,3/16/2021,1/19/2022
34,Marietta,Larrat,924-133-2931,8 Hauk Trail,9/2/2021,8/31/2021
35,Stephi,Darrel,439-692-3549,2 Lakeland Drive,1/17/2022,9/27/2021
36,Wakefield,Rollinshaw,380-928-6484,270 Menomonie Street,9/9/2021,10/27/2021
37,Blake,Scotchbourouge,927-364-9295,477 Riverside Junction,7/28/2021,3/2/2021
38,Gregory,Hellwing,645-200-5187,5 Menomonie Road,3/6/2021,10/22/2021
39,Waring,Ferrero,773-213-0032,6 Doe Crossing Terrace,7/7/2021,5/25/2021
40,Urson,Ilchuk,751-790-6764,8 Mayer Street,5/14/2021,4/3/2021
41,Buckie,Roose,107-401-4833,4327 Merrick Plaza,12/26/2021,1/9/2022
42,Griselda,Place,647-125-7127,336 Homewood Center,5/2/2021,10/31/2021
43,Nessi,MacCaghan,704-595-3667,1788 Anhalt Court,12/23/2021,7/21/2021
44,Rafaelia,Klebes,313-651-1150,57 Maryland Street,6/24/2021,10/11/2021
45,Carol,Wilbor,668-827-1130,283 Forest Run Court,10/31/2021,2/20/2021
46,Kinnie,Nawton,340-581-4904,82267 Esker Junction,5/18/2021,12/29/2021
47,Demetris,Callar,180-415-0909,30 Carpenter Avenue,6/9/2021,1/1/2022
48,Kelly,Farfoot,489-157-6684,8 Rusk Street,1/24/2022,1/11/2022
49,Duffie,Favey,676-630-0932,944 Hoard Terrace,3/8/2021,11/19/2021
50,Valera,Staves,953-418-6663,11 Merrick Alley,6/28/2021,4/25/2021
51,Aleta,Higbin,597-351-3617,3 Mosinee Terrace,7/25/2021,9/16/2021
52,Dione,Sprigin,856-823-4775,56216 Heath Avenue,10/21/2021,12/28/2021
53,Berti,Speechley,170-561-0486,26 4th Circle,10/27/2021,6/18/2021
54,Geoffry,Whatley,527-875-8571,3 Thompson Road,9/29/2021,8/3/2021
55,Humberto,Savins,388-216-2291,694 Cambridge Plaza,1/11/2022,2/7/2021
56,Holly,Threadgould,713-860-3300,2189 Ryan Lane,7/6/2021,6/4/2021
57,Linnet,Ambridge,706-354-9702,574 Schurz Court,3/23/2021,11/20/2021
58,Locke,Semeradova,871-523-5975,72789 Walton Circle,1/28/2021,10/24/2021
59,Minnnie,Powney,562-221-0907,5828 Arkansas Point,6/9/2021,7/29/2021
60,Effie,McClory,251-728-5794,38 Bluejay Place,7/7/2021,10/26/2021
61,Darci,Gabala,394-456-0698,2 Everett Drive,10/15/2021,4/16/2021
62,Ferdie,Sheerman,794-175-5870,67 Del Mar Parkway,2/9/2021,1/12/2022
63,Ivett,Rousel,742-162-4114,8224 Sycamore Drive,1/28/2021,9/28/2021
64,Daryle,Derisley,528-917-4159,6 Oak Valley Lane,2/8/2021,9/26/2021
65,Forbes,Haxell,303-508-2214,9254 Portage Terrace,2/8/2021,11/29/2021
66,Janek,MacHostie,831-946-7650,484 Anderson Way,6/9/2021,11/2/2021
67,Corenda,Lidyard,232-420-6936,263 Brentwood Road,10/3/2021,10/22/2021
68,Nora,Woodus,120-223-8736,02746 Moose Lane,5/20/2021,8/30/2021
69,Mel,Plak,151-573-7718,93 Chinook Terrace,11/26/2021,5/25/2021
70,Lynelle,Iamittii,475-645-2693,6 Marquette Terrace,12/26/2021,7/12/2021
71,Eli,Littell,132-395-7093,57092 Hintze Center,4/6/2021,4/8/2021
72,Britni,Wattinham,253-836-6997,71024 Thackeray Circle,8/14/2021,12/20/2021
73,Korella,Kerfoot,508-507-3851,725 Loftsgordon Terrace,5/18/2021,7/10/2021
74,Sybil,Alans,749-208-8384,6393 Buell Hill,10/3/2021,11/30/2021
75,Melissa,Duffet,366-761-0098,9137 Meadow Ridge Court,11/24/2021,7/16/2021
76,Arlin,Ridesdale,997-162-5141,652 Sachs Hill,11/18/2021,4/10/2021
77,Maximilianus,McConnachie,108-974-2212,99056 Dovetail Crossing,5/9/2021,4/20/2021
78,Clemens,Sigars,568-370-2502,22798 Ridgeway Alley,11/2/2021,11/12/2021
79,Helena,Le Marquand,340-199-4466,50604 Eagan Trail,6/23/2021,6/12/2021
80,Tanny,Croxley,399-776-4956,5 Fuller Pass,5/12/2021,1/14/2022
81,Fred,Fairy,127-101-4536,2 Kensington Avenue,10/14/2021,12/30/2021
82,Trix,Crookshank,621-472-2538,25835 Vernon Pass,1/27/2021,10/21/2021
83,Sebastien,Jindacek,457-806-9408,021 Bashford Drive,2/21/2021,6/13/2021
84,Hillier,Cow,589-956-3449,902 Holy Cross Trail,3/23/2021,7/19/2021
85,Carlin,Rockwell,399-445-7894,1 Atwood Road,5/10/2021,3/22/2021
86,Andreana,Menci,725-499-3429,45 Miller Plaza,3/18/2021,11/28/2021
87,Doy,Tidcombe,345-732-2389,4 Emmet Terrace,8/6/2021,10/11/2021
88,Kacy,Abrahamovitz,656-338-5811,650 Center Crossing,2/7/2021,9/1/2021
89,Minetta,Ohrt,382-279-1733,3 Dwight Crossing,3/3/2021,1/16/2022
90,Regan,Scotney,977-173-2846,249 Springs Crossing,9/8/2021,12/13/2021
91,Mendie,Lingard,180-681-5201,79 Killdeer Hill,4/10/2021,6/20/2021
92,Rouvin,Squirrel,862-759-9858,16 Eastlawn Crossing,10/25/2021,11/4/2021
93,Luciana,Fishby,134-756-5988,5 Merrick Road,4/30/2021,9/21/2021
94,Nicolette,Stit,984-865-2014,08795 Mayfield Street,2/12/2021,1/19/2022
95,Renell,Shacklady,724-775-0994,5 Londonderry Avenue,5/14/2021,1/17/2022
96,Roxane,Juppe,224-215-1960,40 4th Circle,2/21/2021,5/31/2021
97,Benetta,Van Hault,906-588-3971,7 Johnson Alley,5/2/2021,12/10/2021
98,Angelo,Mobley,382-627-4361,7 Sunfield Center,12/14/2021,7/11/2021
99,Sidonnie,Bardwell,962-916-6043,42 Bayside Terrace,8/10/2021,12/29/2021
100,Orland,Cattlemull,313-314-6523,9588 Burrows Park,8/18/2021,5/18/2021
101,Sascha,Dominetti,432-651-4700,5994 Orin Way,7/12/2021,7/11/2021
102,Kimberley,Heikkinen,182-566-2085,070 Pine View Drive,4/3/2021,12/3/2021
103,Janie,Rysdale,903-725-4708,16 Hagan Park,6/22/2021,7/29/2021
104,Marlena,Realff,933-779-2169,90455 Fremont Crossing,7/6/2021,9/22/2021
105,Brodie,Macbane,441-174-2980,8 Drewry Pass,2/26/2021,5/29/2021
106,Bret,Garrals,505-747-1000,998 Schurz Trail,2/22/2021,7/21/2021
107,Avis,Timmes,854-270-1474,1 Cherokee Pass,12/28/2021,4/21/2021
108,Winni,Bootyman,695-420-2946,86808 Mosinee Hill,7/22/2021,11/17/2021
109,Dino,Leschelle,205-967-1929,97 Annamark Trail,12/23/2021,11/23/2021
110,Annmarie,Hickinbottom,444-639-5217,55 Macpherson Circle,12/21/2021,9/29/2021
111,Carey,Swiggs,137-859-8591,92 Mariners Cove Court,4/13/2021,7/4/2021
112,Caria,Tatnell,883-854-6149,7345 Cardinal Road,9/29/2021,6/24/2021
113,Celle,Norval,277-266-0313,9679 Sullivan Place,2/8/2021,11/3/2021
114,Gilly,Boggs,321-723-8259,0443 Swallow Terrace,1/8/2022,7/9/2021
115,Alexio,Jerdein,576-465-3997,35852 Amoth Terrace,8/22/2021,7/20/2021
116,Walther,Emer,947-530-3121,1 Novick Road,9/10/2021,9/5/2021
117,Lucius,Trathan,410-506-9364,4267 Porter Crossing,9/9/2021,1/5/2022
118,Mortimer,L'Amie,771-478-1559,963 International Place,6/2/2021,2/3/2021
119,Joelie,Whiley,696-350-3652,7839 Grover Hill,8/1/2021,11/18/2021
120,Christal,McQuode,906-552-1438,5435 Miller Place,5/8/2021,10/24/2021
121,Mona,Denyukin,354-151-3686,23953 Hagan Court,4/26/2021,9/7/2021
122,Emmery,Wadworth,969-666-0483,123 New Castle Drive,10/18/2021,5/20/2021
123,Delinda,Posner,141-298-4632,9420 Thierer Circle,9/25/2021,4/22/2021
124,Alysa,Stenson,767-259-4102,78788 Toban Court,11/20/2021,8/8/2021
125,Davidde,Shewan,515-921-5317,04236 Corscot Park,5/29/2021,12/25/2021
126,Willi,Woodger,677-457-5936,7 Monument Court,3/2/2021,4/2/2021
127,Dickie,Warrack,304-796-7569,778 Harbort Road,9/11/2021,9/20/2021
128,Palmer,Dekeyser,160-182-9465,1 Veith Way,2/4/2021,8/5/2021
129,Burtie,Deverille,258-446-4523,6 Utah Parkway,8/10/2021,12/25/2021
130,Margalo,Attwool,250-688-8443,09 Pawling Center,1/29/2021,11/12/2021
131,Natty,Livingston,190-254-6210,64 Waubesa Way,7/15/2021,7/13/2021
132,Tallou,Ruffles,176-700-1739,7 Weeping Birch Crossing,2/22/2021,4/10/2021
133,Robina,Devanney,912-557-8641,0109 Oriole Drive,3/28/2021,2/9/2021
134,Ottilie,Cowitz,867-275-8966,54568 Graceland Center,12/17/2021,2/24/2021
135,Dewitt,Senter,467-457-9419,0039 Trailsway Junction,3/7/2021,10/28/2021
136,Trueman,Fudger,499-348-0451,03604 Melby Terrace,8/31/2021,2/13/2021
137,Belinda,Blackboro,941-865-8128,3009 Eggendart Center,1/2/2022,11/18/2021
138,Dannel,Bakhrushkin,654-106-3553,7850 Ridgeway Center,1/6/2022,10/14/2021
139,Kirstin,Grimsdike,857-610-0402,00 Commercial Road,9/2/2021,7/11/2021
140,Lorry,Hryskiewicz,647-617-9897,650 Meadow Valley Hill,1/7/2022,9/25/2021
141,Codi,Plett,622-385-4734,2439 Fallview Crossing,2/3/2021,11/30/2021
142,Rodi,Somersett,465-418-0779,78253 Cottonwood Plaza,2/10/2021,9/21/2021
143,Antonina,Georgel,301-977-0542,0 Eliot Crossing,3/27/2021,6/12/2021
144,Arnie,Bilbie,303-819-1748,52 Spenser Alley,12/7/2021,4/8/2021
145,Pate,Lukasik,288-444-7287,4243 Havey Hill,5/1/2021,7/10/2021
146,Wilma,Harewood,604-311-1926,09266 Canary Drive,8/16/2021,3/20/2021
147,Valenka,Counter,677-486-2966,093 Westend Avenue,1/29/2021,1/20/2022
148,Debra,Mullan,658-130-1065,84767 Del Sol Terrace,12/23/2021,7/11/2021
149,Derrik,Badham,514-416-2748,9 Stephen Junction,11/29/2021,3/29/2021
150,Starlin,Ilymanov,445-399-2192,2701 Tony Terrace,8/5/2021,5/25/2021
151,Arnie,McCarlie,523-961-9797,3342 Truax Place,1/12/2022,10/26/2021
152,Farrah,Hurle,805-152-7127,82947 Hovde Road,7/19/2021,11/29/2021
153,Nadean,Schoffel,500-630-6621,9 Almo Way,4/23/2021,10/6/2021
154,Adan,Annetts,297-496-1756,210 Nelson Parkway,12/19/2021,7/13/2021
155,Denys,Sewell,890-915-4458,1291 Moose Avenue,2/24/2021,8/31/2021
156,Claiborn,Rowell,286-395-0501,7 Calypso Junction,3/6/2021,7/26/2021
157,Rebekah,Flukes,414-817-7987,2 Florence Point,7/14/2021,5/31/2021
158,Edee,Buntine,631-738-7410,1198 Vernon Avenue,11/16/2021,12/10/2021
159,Alric,Toon,211-695-0509,35 Gale Avenue,3/15/2021,7/4/2021
160,Gordan,Rocco,482-995-2605,602 Anhalt Junction,12/29/2021,7/29/2021
161,Allyce,Aird,172-399-6014,7360 Armistice Road,7/23/2021,12/22/2021
162,Maryann,Blatcher,307-358-8533,4 Prairieview Trail,9/20/2021,3/9/2021
163,Fonsie,Cracker,106-237-9616,52458 Havey Street,8/4/2021,8/12/2021
164,Dominic,Crowcombe,319-822-4702,2 Tony Drive,3/23/2021,2/9/2021
165,Ianthe,Lippi,898-766-7058,0593 Mcguire Point,8/13/2021,2/25/2021
166,Joane,Stedman,812-552-0784,12123 Charing Cross Street,1/26/2021,12/31/2021
167,Northrop,Ollett,835-930-4481,832 Kipling Plaza,11/19/2021,8/28/2021
168,Bendicty,Maggill'Andreis,421-298-9338,97 Sachtjen Pass,12/22/2021,12/26/2021
169,Adrianna,Mees,320-722-9043,8047 Heffernan Place,9/5/2021,6/18/2021
170,Virgie,Clemens,406-224-1383,77 Evergreen Way,7/31/2021,3/1/2021
171,Aundrea,Bunney,756-770-8676,387 Heath Point,2/23/2021,2/9/2021
172,Hannis,Collingwood,464-222-8595,9 Birchwood Point,2/1/2021,10/23/2021
173,Angelo,Dumphy,832-440-3884,404 Atwood Court,4/27/2021,11/9/2021
174,Noelyn,Alyutin,815-851-0168,5410 Lindbergh Avenue,12/6/2021,3/10/2021
175,Debee,Chitham,964-765-4139,8157 Shelley Center,10/25/2021,6/13/2021
176,Chadwick,Beastall,792-726-7559,189 Clyde Gallagher Pass,10/1/2021,5/28/2021
177,Caralie,Sherme,803-624-6125,373 Cherokee Center,11/6/2021,8/24/2021
178,Monique,Sandle,202-474-8340,3681 Melvin Junction,9/16/2021,12/14/2021
179,Raymond,Krysztofiak,232-853-9745,15 Messerschmidt Crossing,12/23/2021,8/31/2021
180,Nomi,Longridge,727-374-2060,85 Sachs Alley,7/5/2021,8/18/2021
181,Barron,Giovanazzi,723-391-0844,36 David Park,6/22/2021,12/10/2021
182,Cilka,Noury,333-269-3458,22771 Warrior Road,10/27/2021,6/16/2021
183,Vanna,Rutley,602-304-4096,5 Novick Center,1/26/2021,8/7/2021
184,Armstrong,Rittmeier,286-899-0074,063 Claremont Plaza,3/11/2021,3/5/2021
185,Nanny,Lahy,674-490-9684,511 Crescent Oaks Junction,11/26/2021,12/27/2021
186,Ricki,Jacks,189-218-3817,0738 Barby Circle,9/5/2021,7/23/2021
187,Terrance,Beavan,240-103-1498,6 Pierstorff Park,3/4/2021,10/14/2021
188,Culley,Geerdts,994-567-7421,6655 Warbler Lane,6/12/2021,10/14/2021
189,Rem,Denver,669-945-7900,33652 Sommers Pass,1/25/2022,5/22/2021
190,Susann,Malenoir,739-958-0494,70407 Daystar Pass,12/5/2021,6/14/2021
191,Curry,Petrus,940-446-8272,34 Hermina Crossing,12/23/2021,3/16/2021
192,Enrique,O'Callaghan,851-877-5314,6 Welch Pass,5/10/2021,2/6/2021
193,Ruthanne,Eggleston,935-222-4430,11 Lyons Street,11/18/2021,3/26/2021
194,Aarika,Keneforde,941-975-0692,7395 Westend Terrace,6/11/2021,10/28/2021
195,Meriel,Felderer,692-131-1906,317 Montana Junction,4/25/2021,3/16/2021
196,Dannie,Tunny,574-424-8145,9 Bayside Court,2/19/2021,12/4/2021
197,Clemmy,Tweedlie,279-548-7407,7908 Barby Center,1/29/2021,8/30/2021
198,Arnuad,Martt,366-359-8485,2936 Waywood Parkway,2/6/2021,3/8/2021
199,Sasha,Dwelling,704-431-2602,6375 Hooker Trail,12/13/2021,6/3/2021
200,Lorelle,Baudinot,512-427-7088,94869 Fieldstone Junction,11/16/2021,4/26/2021
201,Roderigo,Gagen,367-254-6133,49 Crownhardt Road,7/10/2021,9/15/2021
202,Rena,Enticott,468-284-6004,90709 Bashford Point,7/2/2021,11/29/2021
203,Sharline,Holdforth,758-804-9171,80 Tennyson Street,2/4/2021,7/31/2021
204,Rem,Colbertson,816-488-9042,40276 Express Junction,9/16/2021,7/23/2021
205,Ramsey,Tyer,759-258-7320,94055 Linden Trail,1/14/2022,8/13/2021
206,Latia,Daye,293-123-6278,22181 Melvin Lane,1/4/2022,5/24/2021
207,Timothy,Tinton,404-516-2420,0122 Norway Maple Place,2/6/2021,12/27/2021
208,Mikel,Peirpoint,532-929-1307,7 Dixon Hill,6/28/2021,9/18/2021
209,Maximilian,Maud,770-788-2923,49 Sachtjen Trail,6/16/2021,5/15/2021
210,Elsi,McNirlan,198-154-5447,78990 Algoma Junction,12/8/2021,4/3/2021
211,Leigh,Binch,110-194-5606,94 Donald Drive,2/9/2021,3/9/2021
212,Aurelia,Copas,584-263-3792,9 Schmedeman Avenue,8/30/2021,9/28/2021
213,Una,McBrady,330-782-2133,158 Mosinee Place,12/9/2021,5/19/2021
214,Ashleigh,Scudamore,984-264-5267,103 4th Plaza,6/12/2021,4/10/2021
215,Vite,Shillum,659-756-0857,0261 Dwight Alley,12/25/2021,12/15/2021
216,Gauthier,Yansons,382-211-1175,785 Main Avenue,4/8/2021,8/11/2021
217,Erastus,Mathers,940-469-6396,724 Gerald Hill,12/20/2021,12/29/2021
218,Ekaterina,Orrick,837-846-5685,5 Center Circle,12/27/2021,8/17/2021
219,Marion,Ashbee,505-781-2847,73715 Westerfield Place,7/20/2021,6/23/2021
220,Bellina,Lavington,753-219-8256,70 Southridge Way,3/25/2021,10/16/2021
221,Ave,Vinnick,992-633-8258,30548 Melvin Parkway,5/9/2021,7/22/2021
222,Penelopa,Donaho,194-961-2797,17277 Kingsford Lane,7/24/2021,6/12/2021
223,Kristopher,Lindenfeld,483-723-3633,76 Cottonwood Plaza,11/10/2021,10/3/2021
224,Laureen,Trobey,847-548-0117,803 Northwestern Terrace,5/3/2021,2/18/2021
225,Davy,Berger,463-471-5684,8 Kropf Avenue,8/3/2021,2/10/2021
226,Averil,Pardon,366-408-9980,979 Florence Terrace,7/4/2021,4/19/2021
227,Felice,Hessenthaler,398-955-2353,656 Becker Center,9/6/2021,8/24/2021
228,Millisent,Capstick,413-492-8405,000 Fulton Pass,9/7/2021,5/15/2021
229,Staford,Burgott,661-763-0202,39881 Little Fleur Crossing,9/28/2021,10/9/2021
230,Jonas,Whittlesey,296-774-4690,78 Elgar Junction,10/1/2021,9/5/2021
231,Templeton,Theuff,706-358-9849,94 Merchant Alley,1/17/2022,6/12/2021
232,Leola,Boobier,843-113-8627,3 Daystar Point,5/4/2021,8/17/2021
233,Gilbertine,Triplett,149-862-3056,885 Portage Street,3/21/2021,7/28/2021
234,Fredek,Struthers,994-677-8741,0 Paget Circle,6/11/2021,6/27/2021
235,Raimondo,Maudett,689-308-0116,05 Pawling Park,2/6/2021,6/20/2021
236,Mariel,Almon,786-865-0891,74 Vermont Court,3/15/2021,11/8/2021
237,Rhetta,Agent,539-222-1566,810 Farwell Way,6/1/2021,12/3/2021
238,Gun,Trebble,255-123-7214,81583 Declaration Alley,7/25/2021,4/5/2021
239,Ellwood,Gallahue,400-542-5418,3 Lukken Court,9/29/2021,9/22/2021
240,Roxy,Druitt,176-694-9662,6 Pepper Wood Point,4/8/2021,6/19/2021
241,Ethel,D'Souza,158-542-6301,66571 American Ash Place,10/18/2021,11/23/2021
242,Allyson,Kelk,459-320-7888,20149 Kipling Plaza,2/23/2021,6/2/2021
243,Marabel,Kinnar,679-404-4901,6 Mallory Terrace,1/14/2022,6/20/2021
244,Bidget,McMorran,206-860-3310,8 Ohio Way,4/14/2021,11/29/2021
245,Beverlie,Whifen,860-992-1440,0 Fuller Point,7/9/2021,10/8/2021
246,Phil,Lock,951-498-8282,0741 Mandrake Street,1/15/2022,5/23/2021
247,Lenard,O'Griffin,977-289-8277,3 Golf Point,5/8/2021,1/24/2022
248,Chad,Hofner,415-539-0989,35 Sommers Place,5/9/2021,3/25/2021
249,Justina,Roze,177-757-2452,606 Village Green Road,4/21/2021,10/26/2021
250,Mei,Woolrich,199-211-5549,56238 Northridge Parkway,8/9/2021,3/26/2021
251,Liliane,Belz,335-813-8113,746 Comanche Center,1/20/2022,8/26/2021
252,Maxie,Copes,973-622-3615,88 Bultman Alley,11/13/2021,6/2/2021
253,Elysia,Tomkin,844-341-6636,2234 Debs Park,3/23/2021,7/29/2021
254,Pepito,Summerlie,973-196-4749,4828 Thierer Road,6/5/2021,3/3/2021
255,Aubine,Yanukhin,483-772-4737,8 Namekagon Park,1/22/2022,9/8/2021
256,Bayard,Snowman,646-841-5129,6 Schiller Way,6/21/2021,11/1/2021
257,Davine,Coniff,518-849-9258,308 7th Street,1/12/2022,2/3/2021
258,Valida,McPhillips,189-848-0611,7504 Sommers Plaza,3/2/2021,8/9/2021
259,Jeddy,Mummery,827-885-6665,924 Lyons Terrace,3/16/2021,8/21/2021
260,Davine,Wisker,285-195-6230,7 Annamark Parkway,7/29/2021,2/21/2021
261,Rodd,Dutnall,785-298-0000,391 Green Ridge Circle,8/23/2021,1/11/2022
262,Fawn,Yushankin,739-219-3413,80 Menomonie Street,9/7/2021,7/16/2021
263,Angelique,Pollett,838-586-1852,447 Brown Hill,5/8/2021,1/7/2022
264,Auria,Wilsey,162-293-8628,4 Butternut Circle,3/9/2021,1/1/2022
265,Stace,Scarrott,918-506-1974,54816 Holy Cross Road,11/12/2021,2/20/2021
266,Tammy,Giacobazzi,118-867-0799,2594 Acker Court,10/31/2021,2/10/2021
267,Mandel,Beyer,450-495-8347,2229 Kensington Crossing,10/19/2021,12/5/2021
268,Kamila,Todeo,859-572-8173,5 Bonner Way,3/11/2021,1/4/2022
269,Thomasa,Rallings,467-142-3708,22662 Surrey Park,11/3/2021,9/2/2021
270,Coletta,Hammatt,982-393-5818,557 Monument Drive,3/13/2021,11/16/2021
271,Christie,Moye,379-967-0643,246 Dorton Alley,8/24/2021,5/18/2021
272,Tremaine,Le Breton De La Vieuville,484-572-6543,78 Village Green Circle,7/25/2021,11/24/2021
273,Kerwin,Mugford,116-497-6138,24939 Bartillon Place,6/17/2021,12/18/2021
274,Hilda,Van der Hoeven,389-470-8764,4 Coleman Point,1/4/2022,2/26/2021
275,Tandy,Bessell,106-936-3903,182 Village Center,11/10/2021,4/7/2021
276,Cortney,Unworth,493-277-7300,730 Mallard Park,6/22/2021,12/31/2021
277,Sasha,Clac,191-676-9839,6 Larry Point,1/4/2022,8/12/2021
278,Shepherd,O' Clovan,833-323-2847,68463 Wayridge Crossing,2/17/2021,11/7/2021
279,Mandi,Castaignet,352-729-2555,663 Mccormick Plaza,10/10/2021,8/3/2021
280,Chaddy,Karp,742-846-1487,474 Spenser Alley,4/29/2021,9/23/2021
281,Domingo,Humphries,690-530-8704,01 Longview Way,6/21/2021,9/18/2021
282,Darcy,Brett,560-498-6513,4384 Fremont Center,9/29/2021,9/15/2021
283,Goraud,Armsden,501-980-5716,99006 Kennedy Lane,3/27/2021,5/4/2021
284,Granger,Gregorio,635-892-3977,70530 Carioca Court,1/28/2021,4/13/2021
285,Dani,Waleran,783-762-6011,95081 Haas Alley,5/13/2021,11/5/2021
286,Kelley,Maleck,163-281-4306,5 Comanche Place,3/30/2021,12/11/2021
287,Kaile,Allington,257-570-6783,24 Carioca Parkway,11/26/2021,1/20/2022
288,Maura,Guillotin,249-275-5723,244 Kinsman Street,8/1/2021,9/9/2021
289,Zorine,Gornal,402-464-6670,5750 David Parkway,10/4/2021,10/6/2021
290,Uriel,Bradburn,481-404-0561,37390 Weeping Birch Hill,2/9/2021,10/17/2021
291,Ninnette,Scatchard,239-613-3579,85867 Logan Road,8/8/2021,3/12/2021
292,Shandeigh,Staresmeare,950-453-9023,99 Pierstorff Street,3/5/2021,3/6/2021
293,Natassia,Swane,468-229-6026,6 Clarendon Court,4/4/2021,8/22/2021
294,Alejoa,Brunel,927-465-4447,5544 Warrior Circle,11/22/2021,10/24/2021
295,Alina,Bassam,737-959-4268,3 Novick Road,11/20/2021,8/31/2021
296,Con,Clampin,987-975-5380,329 Blaine Place,8/29/2021,10/24/2021
297,Terri-jo,Wolland,889-310-3460,2 Mesta Trail,12/22/2021,12/5/2021
298,Correna,Geraldez,740-171-3046,321 Heath Avenue,1/7/2022,12/30/2021
299,Shirlee,Gallen,578-138-0634,3488 Melrose Crossing,9/15/2021,5/4/2021
300,Hewitt,Bradwell,111-995-0146,39175 Butternut Crossing,7/28/2021,2/15/2021
301,Mylo,Chasmoor,632-661-3528,3 Ryan Trail,8/13/2021,4/12/2021
302,Oralie,McCorry,887-379-2211,47 Sundown Hill,10/29/2021,1/16/2022
303,Ronald,Chave,503-355-9253,9 Oak Valley Terrace,11/21/2021,12/30/2021
304,Kristine,Pietrzak,287-808-6049,68607 Farmco Court,11/3/2021,7/12/2021
305,Montague,MacKeller,110-962-6260,0607 Randy Center,7/7/2021,3/25/2021
306,Laney,MacKaig,355-303-1980,9 Eggendart Plaza,12/14/2021,9/23/2021
307,Barrie,O'Sesnane,254-605-7849,49291 Rowland Park,7/15/2021,6/7/2021
308,Tiffi,Pattingson,812-310-7302,6 Eagan Hill,3/30/2021,4/10/2021
309,Ivett,Korba,389-780-3927,6811 Southridge Street,6/24/2021,10/1/2021
310,Quinn,Bumford,520-898-2510,6 Amoth Pass,1/16/2022,6/28/2021
311,Bethena,Jeste,687-555-6419,46301 Melvin Place,5/24/2021,11/8/2021
312,Doretta,Castro,889-835-3987,564 Pankratz Trail,1/13/2022,7/31/2021
313,Alina,Winchcomb,825-839-2105,8 Talmadge Avenue,6/14/2021,9/1/2021
314,Eduino,Ruff,640-158-1743,595 Valley Edge Street,1/14/2022,7/9/2021
315,Geno,Boord,423-653-6800,66877 Norway Maple Road,11/6/2021,12/1/2021
316,Harcourt,Gisbey,753-798-0299,41 Lillian Pass,12/13/2021,8/14/2021
317,Elisabetta,Archdeckne,743-343-9005,352 Hazelcrest Road,3/17/2021,3/5/2021
318,Nahum,Porker,760-130-5910,48407 Columbus Junction,11/29/2021,10/7/2021
319,Jerald,Gherardini,849-824-3296,388 Susan Court,10/23/2021,7/23/2021
320,Janeczka,Padley,855-120-8137,0315 Vernon Lane,12/24/2021,9/1/2021
321,Evie,Duffy,238-975-7242,13 Ohio Drive,11/27/2021,3/19/2021
322,Dode,Rippin,491-794-6042,78258 Muir Avenue,11/5/2021,4/8/2021
323,Giulietta,Silburn,358-619-8782,0 Tony Lane,11/1/2021,12/2/2021
324,Beverie,Walter,241-692-1971,90177 Monica Avenue,7/18/2021,6/11/2021
325,Kala,Klimke,339-644-0876,194 Bobwhite Plaza,6/28/2021,1/11/2022
326,Cheryl,Ilyin,846-309-7408,60 Burrows Parkway,9/22/2021,12/9/2021
327,Leeanne,Clemenceau,142-360-8952,21 Fairfield Plaza,5/31/2021,7/29/2021
328,Inger,Davidek,528-874-1537,1 Becker Way,3/2/2021,2/18/2021
329,Willis,Blessed,964-670-1836,7891 Sullivan Drive,5/15/2021,9/17/2021
330,Malchy,Hancorn,624-888-5083,750 Brentwood Avenue,7/28/2021,5/13/2021
331,Codee,Ledgerton,145-137-0298,3077 Iowa Trail,5/11/2021,4/26/2021
332,Korella,Espine,252-176-4134,76282 Meadow Valley Road,1/11/2022,11/1/2021
333,Venita,Luckey,815-494-6219,148 Butterfield Avenue,4/18/2021,11/8/2021
334,Atlanta,Somner,610-577-1562,76 Steensland Drive,7/24/2021,2/20/2021
335,Edita,Hardson,428-514-4221,21521 Bunker Hill Place,1/4/2022,10/11/2021
336,Muffin,Skydall,554-451-7751,0462 Kropf Street,8/25/2021,8/15/2021
337,Shaun,Lympenie,625-210-4589,19 Evergreen Way,8/3/2021,1/17/2022
338,Mercy,Greensmith,970-323-7079,72 Oxford Park,9/1/2021,7/1/2021
339,Cass,Gomer,900-885-6357,3 Clemons Point,12/1/2021,3/22/2021
340,Clevie,Nono,917-737-6712,972 Brentwood Way,9/1/2021,10/8/2021
341,Chelsae,Bedinham,762-474-5075,22 Mayfield Place,8/2/2021,11/1/2021
342,Ezekiel,Gallehock,782-953-7771,69 Drewry Alley,8/24/2021,10/26/2021
343,Leigha,Fozzard,591-470-8685,97 Schlimgen Parkway,8/23/2021,3/1/2021
344,Christal,Vardy,395-166-3953,8746 Boyd Junction,1/21/2022,5/19/2021
345,David,Poyle,189-388-5958,6 Bartillon Junction,2/12/2021,7/8/2021
346,Chen,Chataignier,712-195-5553,692 Pennsylvania Crossing,3/27/2021,2/7/2021
347,Ulrich,Izkovici,290-636-2413,27728 Darwin Road,11/1/2021,8/26/2021
348,Leese,Torrisi,916-465-8579,64162 Prairie Rose Street,2/28/2021,1/19/2022
349,Emmi,Zimmermeister,357-388-7135,626 Mcguire Drive,7/14/2021,2/6/2021
350,Paxton,Brimner,125-844-9273,0 Washington Crossing,8/10/2021,10/10/2021
351,Ibrahim,Wagen,685-450-0336,62835 Colorado Court,6/16/2021,2/6/2021
352,Clemence,Yakubovich,202-912-1111,01 Bluestem Court,9/6/2021,9/24/2021
353,Em,Andrzejczak,265-822-4160,29 Di Loreto Center,9/25/2021,11/6/2021
354,Bron,Garahan,882-303-9324,676 Vidon Circle,7/23/2021,5/19/2021
355,Ora,Trimnell,823-428-8726,37090 Scofield Road,12/15/2021,11/17/2021
356,Consuelo,Larrett,311-223-1194,91 Calypso Alley,7/8/2021,4/5/2021
357,Vasily,Gollop,881-996-5311,82905 Hermina Plaza,5/3/2021,1/11/2022
358,Nadya,Gould,670-804-9200,37129 Calypso Terrace,12/23/2021,4/21/2021
359,Farlee,Sandcroft,719-630-1048,7247 Transport Junction,8/11/2021,5/10/2021
360,Michele,Ruilton,535-563-5057,9302 Cherokee Terrace,11/21/2021,8/1/2021
361,Hanny,Bartens,971-691-9346,7 Hazelcrest Trail,10/17/2021,1/5/2022
362,Emilio,Brawson,543-466-9590,57942 Rieder Road,9/7/2021,7/17/2021
363,Eldridge,Pavey,659-631-7192,21 Sunnyside Parkway,12/3/2021,6/6/2021
364,Durante,Mauger,700-340-6666,589 Twin Pines Street,12/6/2021,12/7/2021
365,Neile,Wadesworth,426-931-7077,1 Randy Place,5/24/2021,9/18/2021
366,Trescha,Pachta,273-504-9915,4246 Mallard Park,12/12/2021,10/24/2021
367,Charleen,Fry,929-612-9546,789 8th Road,3/29/2021,6/7/2021
368,Shep,Horsey,258-251-6162,01 Luster Hill,10/20/2021,5/6/2021
369,Joscelin,Boother,675-857-3550,8 Stang Drive,9/22/2021,2/19/2021
370,Noll,Pepye,851-195-6105,554 Rowland Alley,1/20/2022,12/3/2021
371,Vivyan,Fieldhouse,693-555-0817,5124 Del Sol Point,3/1/2021,12/27/2021
372,Georg,Jakoubec,605-845-1487,98732 Morningstar Street,7/28/2021,2/21/2021
373,Hermy,Goslin,719-241-8171,104 Judy Center,7/6/2021,7/14/2021
374,Alethea,Hussell,858-905-6648,8555 Walton Terrace,6/20/2021,11/7/2021
375,Erwin,MacElroy,354-170-7035,5 International Terrace,12/13/2021,6/1/2021
376,Morse,Grieswood,838-686-9270,64 Melrose Crossing,9/29/2021,11/4/2021
377,Burg,Kingsford,774-946-2084,0 Maple Avenue,7/11/2021,2/27/2021
378,Vere,Stollsteiner,506-771-9802,49 Vera Junction,3/8/2021,10/21/2021
379,Nathanael,Scading,405-371-2226,09 Center Alley,9/14/2021,6/25/2021
380,Frankie,Downing,726-137-8583,53702 Toban Trail,5/29/2021,7/25/2021
381,Toby,Lowers,224-612-7832,293 Hansons Terrace,8/17/2021,7/29/2021
382,Lianne,Brashaw,225-196-9953,709 Farmco Junction,1/12/2022,6/8/2021
383,Kenn,Norledge,628-939-7933,059 Lotheville Point,4/18/2021,12/25/2021
384,Daisey,Evins,819-256-5257,16 High Crossing Lane,2/20/2021,2/2/2021
385,Celestine,Tunniclisse,673-941-6865,0588 Portage Place,3/20/2021,10/7/2021
386,Elysha,Romao,610-623-7119,2750 Wayridge Center,9/8/2021,1/18/2022
387,Latrina,Brawley,530-745-1367,8 Mandrake Point,4/17/2021,4/11/2021
388,Stephan,Dole,361-867-1306,03 Northridge Center,12/12/2021,8/27/2021
389,Domenico,Chaldecott,230-884-8521,54 Stephen Court,12/26/2021,5/3/2021
390,Emmi,Sweetman,584-669-1626,4 Susan Circle,9/17/2021,7/6/2021
391,Lowell,Sallows,587-565-8755,480 Arkansas Place,6/15/2021,7/20/2021
392,Brooks,Jerzykiewicz,548-936-2950,4695 Vidon Lane,12/10/2021,2/18/2021
393,Gwynne,Wadie,856-607-1821,23985 Continental Junction,9/12/2021,7/21/2021
394,Vince,Kaplan,168-648-3909,9991 Nelson Parkway,4/11/2021,5/19/2021
395,Franky,Revie,985-165-4528,78297 6th Way,6/20/2021,8/1/2021
396,Chance,Gaber,438-460-3306,662 Pepper Wood Avenue,8/30/2021,8/18/2021
397,Sidnee,Howel,412-119-0020,318 Meadow Vale Way,11/6/2021,7/2/2021
398,Kinnie,Richmont,157-873-9025,569 Forest Dale Drive,10/21/2021,12/24/2021
399,Sara-ann,MacCrachen,627-232-1478,0704 Arrowood Plaza,3/12/2021,10/18/2021
400,Stanly,MacDiarmid,560-210-3238,45 Westridge Alley,6/20/2021,11/26/2021
401,Ax,Peplay,217-369-2758,0 Bultman Pass,11/11/2021,3/21/2021
402,Judd,Klaiser,181-948-9663,4210 Arapahoe Pass,1/25/2022,11/4/2021
403,Tamera,Hopkins,323-466-6038,03 Fisk Way,7/30/2021,9/8/2021
404,Wilma,Gever,565-141-0899,58260 Randy Crossing,12/6/2021,7/30/2021
405,Lilllie,Cathrae,575-226-6649,4409 Rigney Crossing,2/15/2021,1/31/2021
406,Reggie,Geater,439-668-0221,801 Cascade Parkway,3/16/2021,8/1/2021
407,Douglas,Danat,664-730-1102,808 Glendale Drive,2/25/2021,6/2/2021
408,Ray,Oakman,202-562-0557,96 Twin Pines Alley,2/7/2021,1/21/2022
409,Tailor,Brockley,323-860-4217,78777 Hintze Terrace,2/21/2021,10/20/2021
410,Dotty,Revel,386-473-7600,10734 Summit Way,4/30/2021,8/20/2021
411,Charlotte,Slaney,766-208-0098,6 Hagan Terrace,8/11/2021,5/11/2021
412,Rurik,Ellingsworth,370-897-2975,545 Blaine Street,2/28/2021,1/29/2021
413,Jacynth,Shovel,702-631-5081,013 Mccormick Street,12/15/2021,9/25/2021
414,Blithe,Rollings,333-184-9680,196 Annamark Plaza,5/31/2021,12/21/2021
415,Corry,Bougourd,801-603-2248,83 Myrtle Park,3/4/2021,9/24/2021
416,Doy,de Pinna,889-802-3287,0386 Nevada Point,7/2/2021,6/25/2021
417,Birgitta,Crofthwaite,868-829-2117,9 Dapin Pass,10/10/2021,1/8/2022
418,Jard,Di Biagio,579-194-0388,58025 Kennedy Crossing,9/7/2021,8/25/2021
419,Amber,Deluze,125-884-0160,2273 Oak Park,5/2/2021,1/26/2021
420,Natalya,Styche,801-883-2404,08 Roth Pass,12/4/2021,8/20/2021
421,Madelena,Alyoshin,702-261-0126,854 Clemons Avenue,10/18/2021,5/12/2021
422,Phoebe,Brodeau,567-148-9416,228 Katie Court,9/23/2021,1/12/2022
423,Augustina,Lorincz,398-346-0493,62 Mayfield Center,6/29/2021,9/15/2021
424,Brianna,Colthard,180-686-5477,2626 Crownhardt Avenue,9/29/2021,12/23/2021
425,Darcie,Leving,117-595-4524,952 American Parkway,9/25/2021,9/21/2021
426,Kennedy,McGaughay,119-606-0003,93973 Mitchell Parkway,11/16/2021,1/17/2022
427,Biddy,Timmons,897-450-3713,2814 Summerview Junction,6/7/2021,3/8/2021
428,Malvina,Di Ruggiero,726-599-6418,83 Tomscot Way,4/24/2021,5/25/2021
429,Madonna,Metheringham,185-865-0501,0 Roth Point,8/11/2021,12/12/2021
430,Petronilla,Roblou,577-980-8129,0 Westend Junction,5/18/2021,8/18/2021
431,Selia,Catterill,760-288-6837,6 Merchant Lane,11/21/2021,4/1/2021
432,Den,Antognoni,155-487-7202,648 School Hill,4/25/2021,12/25/2021
433,Silvie,Yorath,574-943-9767,263 Loftsgordon Park,6/20/2021,12/11/2021
434,Colet,Larrie,414-692-1949,206 Rusk Way,5/12/2021,8/31/2021
435,Chauncey,Geater,887-510-8122,53300 Corben Junction,6/19/2021,3/13/2021
436,Flinn,Grenville,116-243-4950,73520 Mcguire Alley,12/24/2021,3/2/2021
437,Michal,Antoniat,806-532-1915,3380 Express Lane,3/13/2021,6/5/2021
438,Harmon,Pandya,505-180-6651,26 Manufacturers Center,7/28/2021,9/12/2021
439,Corbie,Pigne,823-650-1095,450 Rigney Pass,5/15/2021,12/23/2021
440,Conant,Kaasman,624-857-6828,5 Bobwhite Circle,7/18/2021,11/27/2021
441,Diane-marie,Cobleigh,324-635-2527,6 Sage Hill,4/26/2021,4/13/2021
442,Wally,Bossingham,781-743-4248,18 Banding Pass,11/14/2021,8/13/2021
443,Tanny,Lamont,728-368-5662,40250 Dawn Way,4/24/2021,7/24/2021
444,Archibald,Waterhouse,844-968-0113,6 Elmside Trail,4/22/2021,3/13/2021
445,Lorry,Di Meo,484-709-1357,9583 Troy Way,3/11/2021,1/12/2022
446,Desi,Skune,344-183-7342,6994 Mallard Court,11/22/2021,12/14/2021
447,Gale,Paulat,290-524-0460,70352 East Park,6/20/2021,4/6/2021
448,Kerwin,Hannen,824-992-2071,13679 Waywood Road,5/13/2021,10/10/2021
449,Franny,O' Cloney,632-132-3230,79636 Menomonie Plaza,8/9/2021,7/2/2021
450,Glen,Roubay,527-878-0017,74 Valley Edge Drive,4/21/2021,8/2/2021
451,Jeannie,Quittonden,515-715-6384,0180 Hayes Park,12/18/2021,2/23/2021
452,Sherrie,McPhaden,287-541-8288,7 Sutherland Trail,5/13/2021,9/8/2021
453,Donetta,Manach,496-111-4211,7994 Raven Road,9/29/2021,9/1/2021
454,Devinne,Dayne,842-521-3649,8028 Glendale Center,1/25/2022,9/7/2021
455,Cyndi,Evitts,894-768-0052,903 Eliot Drive,10/11/2021,7/17/2021
456,Kristyn,Braunlein,231-953-0460,0 Hayes Crossing,12/1/2021,8/1/2021
457,Federica,Franc,702-624-4551,40963 Kensington Trail,3/12/2021,1/7/2022
458,Gipsy,McBeath,220-865-2489,2713 Meadow Vale Circle,3/31/2021,2/15/2021
459,Lucio,Crevagh,369-811-6547,360 Fieldstone Way,9/11/2021,9/7/2021
460,Myrtice,MacDiarmid,648-278-3771,0851 Superior Terrace,4/26/2021,11/18/2021
461,Bridget,Greder,651-340-8078,993 Forest Run Court,9/24/2021,12/5/2021
462,Todd,Berryman,839-738-6611,0 Fairview Trail,11/25/2021,8/8/2021
463,Andre,Renihan,859-662-1479,6087 Merchant Alley,10/31/2021,3/19/2021
464,Scottie,Couser,562-936-9161,613 Prairie Rose Terrace,1/19/2022,7/14/2021
465,Errol,Gilberthorpe,766-158-1213,14210 Sheridan Court,12/16/2021,2/2/2021
466,Dougy,Warlton,525-944-1108,573 International Place,3/5/2021,8/4/2021
467,Willi,Griffitt,534-541-5946,28583 Marquette Place,4/22/2021,11/21/2021
468,Ellene,Bransby,458-378-0261,19170 Mosinee Crossing,12/11/2021,6/14/2021
469,Hermann,Hunting,950-790-3244,8 Hoepker Crossing,10/13/2021,11/9/2021
470,Dorian,Bashford,795-390-7380,0669 Cordelia Street,5/3/2021,8/19/2021
471,Anne-corinne,Slora,579-218-2775,6 Rigney Lane,12/15/2021,6/15/2021
472,Guido,Stibbs,206-527-4415,00 Manitowish Lane,4/1/2021,9/10/2021
473,Boris,Gheraldi,426-267-8439,0569 Springview Way,1/30/2021,9/16/2021
474,Albie,Papps,215-267-3278,6 Mitchell Way,4/19/2021,10/21/2021
475,Webster,Oddie,963-140-9622,2 Dottie Center,3/16/2021,5/21/2021
476,Nickie,Guerra,595-780-2628,01096 Gina Terrace,12/25/2021,12/22/2021
477,Aida,Overstone,427-754-6510,943 Green Circle,4/8/2021,9/7/2021
478,Ivan,Tocknell,347-951-1428,26321 Independence Point,11/25/2021,4/11/2021
479,Brnaby,Sefton,831-562-6065,483 Montana Street,7/29/2021,8/15/2021
480,Hersh,Scantlebury,361-847-5494,52962 Mcbride Crossing,12/16/2021,2/20/2021
481,Ari,Mayhou,786-869-4349,5 Blue Bill Park Drive,8/22/2021,11/1/2021
482,Hettie,Castelot,478-890-2378,2117 Gale Circle,10/18/2021,2/22/2021
483,Joella,Javes,267-914-7776,78 Moland Drive,10/18/2021,2/7/2021
484,Joletta,M'cowis,965-263-2749,330 Gerald Court,11/7/2021,6/26/2021
485,Frederic,Chiplin,632-649-8969,257 Sunbrook Junction,7/3/2021,10/4/2021
486,Hetty,Ibberson,134-696-9155,99 Bellgrove Drive,7/11/2021,3/10/2021
487,Diandra,McPhillips,319-844-1465,0305 Esker Place,9/23/2021,2/26/2021
488,Diannne,Valentim,347-364-4851,04472 Bayside Center,9/2/2021,1/20/2022
489,Freda,Thal,289-484-1675,8874 Swallow Road,9/11/2021,9/8/2021
490,Arie,Jina,479-973-8688,3 Mariners Cove Drive,8/4/2021,8/16/2021
491,Kellby,Tenpenny,363-342-4833,7 Grover Street,7/30/2021,6/26/2021
492,Flory,O'Kelly,347-619-6883,81 Logan Crossing,5/11/2021,4/16/2021
493,Esteban,Gornall,713-831-7992,3074 Del Sol Crossing,11/9/2021,12/26/2021
494,Jerry,McCombe,253-215-5627,074 Havey Drive,8/21/2021,11/1/2021
495,Sally,Skotcher,420-763-2375,7767 Briar Crest Park,5/15/2021,2/6/2021
496,Loren,Mallabar,398-152-0271,3 South Place,12/26/2021,9/23/2021
497,Damiano,Amar,241-102-5794,5785 Moulton Crossing,8/26/2021,6/19/2021
498,Helenelizabeth,Prescott,311-846-7198,8134 Morrow Crossing,12/11/2021,12/8/2021
499,Evangelia,Haliburn,803-669-1782,96292 Ryan Way,1/27/2021,8/7/2021
500,Lester,Vickors,212-607-6249,09 Meadow Vale Lane,1/19/2022,4/4/2021
501,Caron,Guy,644-632-4361,957 Mayer Trail,12/22/2021,6/6/2021
502,Norbie,Pietrzyk,862-207-4206,4165 Porter Plaza,11/19/2021,11/4/2021
503,Valentino,Lissaman,440-750-7798,0 Dapin Avenue,12/15/2021,1/12/2022
504,Arabelle,Durnin,193-204-4474,37 Badeau Center,10/19/2021,10/18/2021
505,Fernande,Van Velden,119-804-3338,5 Nelson Circle,9/26/2021,8/22/2021
506,Viviyan,Baudino,929-198-2504,39 Evergreen Junction,10/7/2021,6/30/2021
507,Eolande,Duckett,393-317-4060,8 West Alley,3/26/2021,6/7/2021
508,Mendy,Coode,659-135-2127,5043 Novick Plaza,8/2/2021,5/29/2021
509,Kippar,Galier,873-312-5697,74 Elmside Parkway,6/11/2021,12/18/2021
510,Paula,Bote,787-262-8996,09 Emmet Trail,6/25/2021,10/13/2021
511,Merna,Ullyott,192-924-8593,3482 Rockefeller Avenue,10/4/2021,8/11/2021
512,Tymon,Nortunen,196-335-6355,299 Birchwood Alley,9/8/2021,8/16/2021
513,Ilaire,Letixier,226-180-1472,8394 Maple Wood Plaza,3/31/2021,7/25/2021
514,Dyan,Ingold,203-279-3687,141 Cody Plaza,3/20/2021,4/29/2021
515,Janie,Rubbert,168-376-1942,9168 Northport Road,10/14/2021,2/16/2021
516,Vanya,Brockherst,144-388-6108,41277 Eastlawn Circle,8/26/2021,3/6/2021
517,Corey,Shepherdson,703-418-9141,36 Crest Line Place,11/4/2021,3/11/2021
518,Katusha,Wingrove,463-336-1191,20 Sommers Trail,2/1/2021,9/30/2021
519,Quintina,Arkow,659-322-4576,4492 Almo Parkway,2/18/2021,12/21/2021
520,Harmony,Hannis,457-163-4571,2472 Glacier Hill Circle,9/28/2021,10/13/2021
521,Brynne,Vanezis,871-703-7879,44 Hanover Crossing,12/9/2021,6/17/2021
522,Baxy,Mc Meekin,612-820-8770,4901 Chive Parkway,7/1/2021,5/4/2021
523,Elsbeth,Lawry,434-354-5815,3 Dryden Crossing,7/8/2021,4/15/2021
524,Frederik,Dyton,334-392-2118,98250 Old Shore Avenue,4/26/2021,12/19/2021
525,Nehemiah,Rikel,213-477-8339,6 Scofield Terrace,6/2/2021,8/29/2021
526,Quintin,Larkings,983-424-0528,923 Melody Pass,3/17/2021,10/11/2021
527,Kristian,Yashin,655-607-1230,82 Independence Court,8/2/2021,3/6/2021
528,Tris,Hanhart,804-933-5461,64505 Holy Cross Trail,1/7/2022,5/15/2021
529,Quinn,Fruser,741-774-5110,2 Chinook Drive,8/15/2021,5/21/2021
530,Benedetto,Busswell,534-546-7616,88145 Pepper Wood Hill,6/5/2021,4/17/2021
531,Ezri,Folcarelli,421-718-1085,058 Burrows Court,12/10/2021,3/14/2021
532,Daveta,Wingatt,506-304-0950,5 Roth Way,7/7/2021,2/25/2021
533,Lauraine,Nibley,963-938-6006,98186 Barby Trail,1/15/2022,2/16/2021
534,Dede,Kennewell,879-851-8284,1333 Eagle Crest Place,2/13/2021,10/20/2021
535,Damian,Bush,480-888-7895,630 Lyons Terrace,10/24/2021,5/10/2021
536,Perry,Baily,746-418-5430,07958 Gulseth Center,9/21/2021,4/10/2021
537,Delaney,Doulden,178-441-0407,5 Forest Run Lane,8/6/2021,10/31/2021
538,Edythe,O'Corr,889-390-4405,4724 Talmadge Park,6/24/2021,3/26/2021
539,Jackie,Groom,238-129-4663,485 Sherman Hill,3/31/2021,11/14/2021
540,Gates,Laraway,686-929-5377,9251 Morrow Plaza,10/13/2021,9/16/2021
541,Misha,Bummfrey,686-672-1435,8627 Grover Avenue,12/26/2021,5/12/2021
542,Una,Friary,202-195-9390,9 Arizona Avenue,12/2/2021,2/28/2021
543,Luz,Ludlom,749-269-8547,6587 Redwing Junction,12/28/2021,7/23/2021
544,Lynda,Lardiner,371-979-9979,719 American Ash Court,9/15/2021,7/29/2021
545,Philipa,Ledwidge,101-971-2892,7335 Lawn Point,8/22/2021,9/28/2021
546,Kally,Still,105-743-5439,411 Orin Pass,5/21/2021,6/18/2021
547,Joye,Kmietsch,175-111-6406,7757 Barnett Center,1/3/2022,4/6/2021
548,Demeter,Pettipher,742-474-5923,12798 Ludington Trail,8/28/2021,3/20/2021
549,Fredek,Burmaster,921-691-4938,27526 Clyde Gallagher Terrace,1/26/2021,10/8/2021
550,Carce,Antonazzi,472-237-5805,250 Messerschmidt Lane,5/6/2021,6/22/2021
551,Aymer,Kiefer,470-941-1538,0198 Bunting Parkway,9/9/2021,5/15/2021
552,Mal,Crohan,710-758-7945,92068 Chive Pass,3/21/2021,11/25/2021
553,Zedekiah,Hembry,296-135-1658,7169 Spohn Park,10/1/2021,3/20/2021
554,Millicent,Tyt,245-142-8274,89 Sheridan Trail,7/5/2021,9/6/2021
555,Roderic,Vaudin,981-902-2513,0 Thackeray Circle,4/12/2021,8/14/2021
556,Kelci,Clementson,946-522-0505,163 Porter Avenue,12/1/2021,11/11/2021
557,Diane-marie,Grzeskowski,801-177-5168,10755 Becker Terrace,6/1/2021,4/13/2021
558,Raff,Klimochkin,833-375-5066,810 Toban Terrace,9/5/2021,9/22/2021
559,Hannie,Bulbrook,677-353-3141,75 Fisk Parkway,11/22/2021,11/15/2021
560,Rozanna,Exer,140-546-7839,16 Loomis Lane,4/11/2021,4/18/2021
561,Nicolette,Dolder,391-680-0535,3 Cordelia Junction,6/27/2021,3/24/2021
562,Meredith,Sarney,718-982-5642,94 Kensington Hill,8/25/2021,6/9/2021
563,Iver,McCaughren,715-583-2359,352 Stephen Terrace,2/15/2021,5/10/2021
564,Odessa,Bowskill,193-202-9145,36680 Prentice Trail,3/20/2021,8/21/2021
565,Jamima,Celes,744-385-9190,05777 Morning Lane,12/17/2021,11/13/2021
566,Patricio,Preist,271-277-0407,7047 Red Cloud Court,4/14/2021,1/8/2022
567,Maude,Ritter,723-515-6151,9535 Vernon Alley,7/1/2021,10/16/2021
568,Ced,Allbut,991-293-7178,4953 Arizona Avenue,11/21/2021,4/25/2021
569,Roman,Evequot,702-540-3515,329 Northfield Parkway,6/21/2021,5/31/2021
570,Farrell,Girodon,667-347-0485,872 Autumn Leaf Drive,4/5/2021,5/9/2021
571,Lynelle,Kilroy,400-363-5299,05 5th Terrace,6/1/2021,6/1/2021
572,Jeno,Chander,601-971-0709,78074 Crescent Oaks Way,4/3/2021,12/14/2021
573,Donnie,Wardle,206-438-5399,14 Brown Point,12/20/2021,10/13/2021
574,Antonetta,Shepley,816-876-5311,1 Clarendon Plaza,9/19/2021,7/23/2021
575,Charo,Roche,910-557-6255,7251 Maple Wood Road,6/3/2021,4/28/2021
576,Georgy,Alltimes,510-319-5389,594 Orin Center,11/23/2021,3/3/2021
577,Blaire,Chisman,181-201-9721,0010 Shasta Terrace,11/11/2021,1/3/2022
578,Tess,Woolf,563-905-1362,77 Summit Street,2/15/2021,8/6/2021
579,Liana,Patrickson,480-539-3185,68 Monterey Hill,8/29/2021,7/5/2021
580,Cob,Pickworth,182-922-7578,28 Wayridge Center,10/10/2021,10/8/2021
581,Hyacinthe,Killford,538-938-6742,1 Dahle Hill,7/26/2021,8/18/2021
582,Bunnie,Izhak,868-395-6952,46 Cascade Point,11/10/2021,1/6/2022
583,Beth,Gillise,220-814-0403,24 Columbus Road,10/20/2021,8/4/2021
584,Farra,Selwood,809-759-4531,10414 Village Green Place,7/28/2021,10/25/2021
585,Glennie,McIlvaney,795-229-4773,78 Stone Corner Hill,12/22/2021,12/7/2021
586,Mikol,Codner,341-285-3691,324 1st Crossing,5/24/2021,12/28/2021
587,Mona,Bilt,894-781-8772,720 Hanover Street,2/21/2021,12/2/2021
588,Susanne,Kaspar,736-227-0839,89557 Katie Terrace,6/14/2021,2/15/2021
589,Filide,Batcock,355-809-8237,609 Coolidge Street,10/14/2021,12/18/2021
590,Nessie,Gideon,519-575-3310,6 Petterle Lane,1/8/2022,12/13/2021
591,Judi,McAllister,517-116-2982,6322 3rd Road,5/14/2021,4/5/2021
592,Linoel,Flannery,107-487-0802,8688 Rutledge Street,4/4/2021,10/29/2021
593,Rice,Bankhurst,162-214-1669,58935 Forest Dale Way,7/30/2021,11/26/2021
594,Angelica,Robb,102-912-8132,4 Blaine Road,4/23/2021,8/3/2021
595,Fernando,Pencost,622-915-5944,4 Fieldstone Way,8/16/2021,9/8/2021
596,Bernie,Booton,628-605-6081,60229 Bartelt Circle,2/15/2021,1/9/2022
597,Ashlee,Gretton,649-453-1489,297 Rowland Junction,5/24/2021,10/6/2021
598,Missy,Gaythwaite,876-138-5393,7 Dixon Hill,6/15/2021,10/17/2021
599,Trixy,Allatt,542-290-8425,39422 Sauthoff Point,5/1/2021,4/22/2021
600,Page,Ruckledge,842-928-3688,19022 Reindahl Hill,1/5/2022,6/24/2021
601,Phedra,Eglin,596-741-3325,9905 Gateway Park,10/24/2021,11/14/2021
602,Norina,Lacrouts,933-142-1123,90 Cambridge Drive,6/22/2021,7/14/2021
603,Cherice,Bernhard,481-991-9935,140 Arkansas Park,7/30/2021,12/19/2021
604,Kiley,Cardus,764-583-7737,256 Jackson Road,2/16/2021,8/18/2021
605,Glenda,Bonder,835-313-9387,94708 Hauk Plaza,10/17/2021,8/22/2021
606,Perkin,Trahearn,564-705-1262,96406 Fieldstone Street,5/16/2021,10/7/2021
607,Lon,Pettisall,204-492-2264,182 Monica Parkway,2/13/2021,12/11/2021
608,Rosamond,Pietruszka,856-911-4469,545 Dakota Center,12/3/2021,2/8/2021
609,Fredric,Mowsdill,861-859-1045,7 Heffernan Park,2/22/2021,5/6/2021
610,Westbrooke,Luttger,391-277-6120,2483 Moose Court,7/5/2021,10/16/2021
611,Eda,Cubin,694-503-1852,34376 Morrow Crossing,1/13/2022,8/3/2021
612,Ramsey,Gahan,135-824-8105,5020 Old Shore Way,5/6/2021,7/6/2021
613,Myles,Troyes,986-996-4069,571 Lawn Junction,11/14/2021,6/2/2021
614,Jaquelyn,Schiementz,652-422-2378,63336 Clove Terrace,4/30/2021,4/28/2021
615,Brittany,Baudasso,514-709-7673,65 Old Gate Street,5/23/2021,9/27/2021
616,Ham,Sevior,918-883-2108,69608 Lighthouse Bay Court,10/20/2021,7/7/2021
617,Francisco,Simkins,915-238-3777,2527 Lighthouse Bay Center,5/30/2021,4/30/2021
618,Cookie,Oades,712-265-0558,6962 Harbort Park,1/6/2022,6/28/2021
619,Dixie,Bernolet,614-904-9630,4957 Lunder Park,3/10/2021,1/20/2022
620,Maryanne,Weth,176-967-0521,46019 Golf Course Plaza,1/10/2022,7/17/2021
621,Jobi,Kesten,572-957-7191,9854 Fisk Alley,4/17/2021,3/26/2021
622,Isador,Oneal,619-894-4158,10258 Dryden Lane,8/9/2021,3/29/2021
623,Wendie,Halfhead,931-517-2918,68 Commercial Circle,6/11/2021,9/25/2021
624,Morena,Somes,665-129-8232,41528 Kingsford Circle,5/29/2021,4/12/2021
625,Elisabeth,Briers,852-771-2740,46145 Sutherland Pass,8/28/2021,10/9/2021
626,Gianna,Sharer,901-486-7693,75525 Maryland Alley,7/25/2021,2/14/2021
627,Jack,Mutlow,631-613-3440,0 Tennyson Trail,1/25/2022,3/8/2021
628,Drusi,Faragher,408-208-1963,23903 Killdeer Plaza,6/5/2021,9/19/2021
629,Matthaeus,Charteris,663-844-6637,04510 Moose Court,1/27/2021,10/18/2021
630,Olvan,Cayet,906-395-3247,4677 Mcguire Terrace,2/28/2021,6/7/2021
631,Rory,Iacomo,350-759-5075,4920 Loftsgordon Point,7/13/2021,1/2/2022
632,Gideon,Groll,884-667-6844,35780 Anzinger Lane,5/2/2021,11/7/2021
633,Nell,Truin,574-452-7040,58 Kedzie Hill,6/16/2021,9/20/2021
634,Mannie,Dudenie,308-161-4649,830 Southridge Point,1/4/2022,10/8/2021
635,Prince,Ivashin,361-652-7176,3 Mifflin Parkway,6/15/2021,4/23/2021
636,Bondy,De L'Isle,417-380-4301,255 Sloan Avenue,6/26/2021,1/5/2022
637,Kip,Magrannell,143-708-6207,4 Park Meadow Court,2/3/2021,9/16/2021
638,Ann,Linfitt,536-681-0761,2 Express Center,10/18/2021,12/18/2021
639,Melissa,Collinson,186-522-4864,2901 Comanche Plaza,10/24/2021,5/7/2021
640,Starr,Bercevelo,257-926-6595,6220 Kensington Crossing,5/27/2021,10/30/2021
641,Thatch,Callender,437-909-5424,5 Fisk Plaza,1/12/2022,6/6/2021
642,Di,Martinet,113-259-6290,969 Dottie Crossing,2/8/2021,8/3/2021
643,Teddie,Jeayes,602-539-2935,0618 Merchant Hill,6/26/2021,6/2/2021
644,Rafael,Bremner,558-502-2671,517 Merry Terrace,4/18/2021,8/16/2021
645,Sigismondo,Konzelmann,279-591-0659,3525 Waubesa Road,2/13/2021,5/22/2021
646,Udale,Chong,256-762-8168,8 Forest Dale Plaza,4/18/2021,1/13/2022
647,Celestine,Wogden,381-299-5108,0790 Tomscot Point,12/5/2021,12/5/2021
648,Edmund,Butchard,532-266-8068,22840 4th Center,11/26/2021,2/12/2021
649,Allister,Goalby,316-961-2975,0755 Montana Center,7/26/2021,12/1/2021
650,Shayne,Keam,776-480-8270,40474 Mesta Crossing,1/5/2022,10/22/2021
651,Catrina,Paddon,450-309-0859,37 Graceland Road,6/21/2021,6/10/2021
652,Lucila,Childe,928-461-4660,8 Kings Pass,10/13/2021,3/13/2021
653,Lydia,Hoyes,318-870-2925,3453 Redwing Junction,12/30/2021,11/17/2021
654,Sallie,Ashbee,623-803-6082,969 Jackson Circle,5/28/2021,4/1/2021
655,Eugene,Abella,142-662-8387,8 Spenser Street,4/16/2021,1/18/2022
656,Poppy,Caulwell,801-713-4116,671 Killdeer Drive,12/21/2021,8/3/2021
657,Hyacinth,Seath,640-456-4552,1 Oak Valley Trail,12/28/2021,5/17/2021
658,Bordy,Dedrick,362-124-2748,92509 Fremont Trail,8/13/2021,4/26/2021
659,Bentlee,Schulze,812-993-1954,74921 Artisan Road,1/1/2022,10/30/2021
660,Lindsy,Kornel,379-369-2228,234 Hermina Terrace,10/28/2021,11/2/2021
661,Yulma,MacKim,699-860-7605,582 Hooker Park,5/22/2021,8/29/2021
662,Val,Denziloe,520-753-2387,5 Arrowood Avenue,1/17/2022,12/23/2021
663,Dorice,Glastonbury,916-641-9215,5335 Fairfield Way,1/5/2022,8/14/2021
664,Malynda,Cradick,240-136-0120,9 International Park,6/4/2021,6/1/2021
665,Felike,Stubbeley,833-147-2850,38 Barby Way,7/17/2021,5/11/2021
666,Jolee,Badman,469-906-0284,3 Transport Street,9/25/2021,2/21/2021
667,Milissent,Chevolleau,661-743-7453,2 Elgar Parkway,7/13/2021,3/21/2021
668,Kathryn,Du Fray,719-911-8522,2919 Glendale Point,4/22/2021,10/22/2021
669,Barton,Rasp,984-999-4518,2 Fallview Drive,2/4/2021,6/9/2021
670,Clair,Playdon,405-469-3848,6549 Hoard Hill,5/23/2021,2/12/2021
671,Geraldine,Listone,228-542-0161,01 Dunning Alley,11/11/2021,3/14/2021
672,Elsi,Gueste,352-933-5993,07076 Bobwhite Road,9/16/2021,1/1/2022
673,Reilly,Mason,464-526-3713,4481 Northfield Alley,6/20/2021,12/22/2021
674,Bordy,Avraham,804-129-6877,62 Lunder Terrace,10/17/2021,2/19/2021
675,Katherina,Bambra,438-144-3511,51 Clemons Trail,4/20/2021,4/15/2021
676,Brandice,Zanicchi,151-766-2945,100 Farwell Alley,11/22/2021,12/31/2021
677,Maisie,Gillbey,246-746-3730,0149 Maywood Hill,11/24/2021,5/29/2021
678,Lon,Odo,939-128-5761,441 Jackson Park,2/20/2021,9/18/2021
679,Rourke,Prise,503-720-3567,735 Shasta Street,9/11/2021,2/6/2021
680,Constance,Nowakowska,353-231-4452,161 Pond Trail,4/20/2021,12/25/2021
681,Logan,Mengo,297-513-1691,9196 Eggendart Pass,12/7/2021,9/20/2021
682,Barbabra,Bruno,985-416-7007,9503 Brown Plaza,1/7/2022,11/25/2021
683,Barry,Jurasz,403-317-7978,1 Susan Plaza,2/20/2021,12/28/2021
684,Brett,Fish,597-109-3650,45 Kings Plaza,10/26/2021,1/28/2021
685,Joellyn,Kleinsinger,787-292-0753,93825 Alpine Road,7/7/2021,8/18/2021
686,Pippa,Liddell,565-641-0560,96309 Roxbury Street,10/31/2021,12/9/2021
687,Joannes,Gosalvez,967-901-1251,67907 Haas Avenue,10/13/2021,8/6/2021
688,Luca,Wasielewski,608-774-7328,6 Portage Terrace,10/17/2021,9/8/2021
689,Stefania,Priestnall,103-792-7150,3282 Spenser Drive,12/22/2021,11/9/2021
690,Ninnetta,Weyman,418-694-4611,62 Weeping Birch Terrace,9/11/2021,12/11/2021
691,Clarisse,Kingzeth,977-760-1232,959 Stoughton Crossing,9/11/2021,10/23/2021
692,Gale,Skatcher,148-667-2745,33 Marcy Alley,7/25/2021,6/7/2021
693,Vannie,Matresse,833-650-7432,2848 Dakota Street,10/16/2021,6/30/2021
694,Shanan,Raxworthy,382-466-3490,4 Dapin Way,8/9/2021,10/4/2021
695,Nerti,Amys,664-735-6385,95 Merchant Junction,7/11/2021,9/5/2021
696,Ola,Rottenbury,421-337-8004,76 Little Fleur Place,12/8/2021,9/16/2021
697,Gweneth,Elwell,223-501-8774,0328 Vidon Drive,1/4/2022,5/25/2021
698,Zea,Charrette,228-167-8312,7772 Shopko Parkway,4/10/2021,7/18/2021
699,Elizabeth,D'Ambrogio,252-405-9139,15 Mesta Way,11/13/2021,4/4/2021
700,Cornall,Callander,237-753-8422,4621 Ryan Way,11/16/2021,6/18/2021
701,Mortie,Mustchin,427-164-9334,292 Rowland Trail,7/7/2021,3/11/2021
702,Porty,Kidney,272-931-9595,2 Forest Dale Crossing,12/5/2021,8/1/2021
703,Jane,McLeary,633-114-0378,4278 Derek Junction,11/29/2021,8/29/2021
704,Marylinda,Rops,495-864-6038,64730 Crownhardt Street,2/24/2021,7/17/2021
705,Hoebart,Hustler,801-552-2607,8 Delaware Park,4/10/2021,9/25/2021
706,Rogers,Paintain,970-472-3342,065 Debra Way,2/21/2021,10/2/2021
707,Heidie,Lacknor,293-396-4183,288 Kim Circle,5/14/2021,9/4/2021
708,Garek,Dungate,664-447-3829,250 Alpine Avenue,8/16/2021,5/5/2021
709,Amelia,Gammell,256-328-4438,026 Warrior Alley,6/26/2021,3/4/2021
710,Laverne,Kolis,231-423-6834,398 Moland Road,10/2/2021,1/20/2022
711,Monah,Lonsdale,100-532-1147,17842 Morning Trail,4/19/2021,3/8/2021
712,Mart,McCurley,240-622-1946,7932 Pawling Junction,9/11/2021,5/21/2021
713,Brian,Arington,843-615-0516,32 Forest Drive,5/27/2021,5/21/2021
714,Eadmund,Taffrey,650-610-2649,6325 Cody Lane,12/25/2021,6/24/2021
715,Siegfried,Le Barre,398-555-8903,3687 Meadow Ridge Plaza,10/5/2021,8/15/2021
716,Matthias,Zolini,886-944-8199,49832 Johnson Park,10/24/2021,1/21/2022
717,Esther,Paulley,101-544-8561,8530 Coleman Avenue,6/5/2021,3/25/2021
718,Gunther,Redemile,176-997-9672,25 Londonderry Parkway,4/3/2021,1/23/2022
719,Stacee,Beckers,416-823-9369,4625 Forster Place,1/24/2022,6/14/2021
720,Cobby,Lisciardelli,510-633-6608,38 Clemons Hill,6/28/2021,9/7/2021
721,Kerk,Gledhall,744-345-9149,613 Portage Place,2/10/2021,1/26/2021
722,Dusty,Firmage,319-626-9269,6076 Fairview Junction,11/16/2021,10/23/2021
723,Alvina,Goney,146-673-1278,628 Lindbergh Terrace,4/17/2021,9/18/2021
724,Pierette,Godsafe,501-824-7351,26917 Sloan Plaza,4/14/2021,11/9/2021
725,Ezra,Leon,275-801-7257,7 Esch Road,8/9/2021,11/23/2021
726,Deerdre,Levesley,533-937-2582,0749 Division Parkway,6/24/2021,6/18/2021
727,Donny,Fulbrook,444-642-5610,3995 Portage Place,9/8/2021,8/10/2021
728,Jakob,Orleton,437-661-2991,9246 Mockingbird Parkway,2/22/2021,7/16/2021
729,Tamarra,Derle,358-150-6789,7540 Jenifer Pass,9/24/2021,2/16/2021
730,Matthaeus,Grishmanov,591-689-5703,28023 Dawn Avenue,5/5/2021,7/17/2021
731,Catlin,Ahlf,804-589-5890,19107 Arizona Hill,8/27/2021,7/1/2021
732,Catherine,Boyack,999-679-4946,1288 Clyde Gallagher Road,10/15/2021,10/4/2021
733,Aliza,Cheesworth,478-741-1983,2089 Farragut Trail,2/9/2021,7/11/2021
734,Margarete,Skeates,751-762-3311,01 Schiller Road,10/24/2021,6/20/2021
735,Dulcie,Bergeau,259-602-6314,47 Darwin Park,6/3/2021,2/4/2021
736,Whit,Schindler,469-112-9379,3 Carpenter Circle,12/28/2021,7/28/2021
737,Hilliard,Lamlin,110-128-3165,6313 Prentice Court,10/21/2021,4/21/2021
738,Herta,Chevins,315-198-8939,0 Cascade Street,11/7/2021,4/2/2021
739,Sheela,Stooders,472-541-9064,0021 Elka Center,9/9/2021,7/31/2021
740,Jammal,Dibdale,794-437-1494,4145 Fair Oaks Pass,10/28/2021,10/31/2021
741,Noak,Novakovic,999-128-6338,9130 Kinsman Alley,9/24/2021,6/8/2021
742,Edvard,Pimm,971-319-9551,35983 Kingsford Place,11/5/2021,2/10/2021
743,Milzie,Gaylard,760-298-7113,6 Mallory Terrace,3/15/2021,11/6/2021
744,Irv,Tames,901-906-3682,1955 Miller Lane,2/21/2021,9/8/2021
745,Raphael,Thornton-Dewhirst,603-662-3555,73 Hovde Road,5/10/2021,3/7/2021
746,Onfre,Rizzone,924-872-4460,0020 Susan Trail,2/16/2021,8/23/2021
747,Graig,Jeste,785-544-4212,2 Lighthouse Bay Parkway,6/4/2021,4/30/2021
748,Fiann,Oldknowe,307-223-2973,149 7th Terrace,4/21/2021,10/29/2021
749,Chad,Orteaux,794-557-8835,687 Becker Street,8/22/2021,1/9/2022
750,Regine,Blondelle,904-560-3691,66035 Park Meadow Way,1/23/2022,7/19/2021
751,Tammie,Rama,356-224-1975,59899 Hagan Center,12/19/2021,6/26/2021
752,Jerrine,Ivery,357-341-2729,2415 Twin Pines Trail,10/11/2021,6/1/2021
753,Farlay,Behr,145-864-8553,30521 Sachs Lane,8/1/2021,4/21/2021
754,Yurik,Matas,109-892-9750,14157 Pepper Wood Terrace,2/23/2021,2/16/2021
755,Nydia,Davidowich,626-500-0881,0913 Westridge Street,1/14/2022,9/6/2021
756,Celestina,Abrahami,461-935-6032,6667 Bonner Junction,3/13/2021,10/6/2021
757,Matti,Guerri,239-981-2092,928 Esch Circle,5/23/2021,2/19/2021
758,Sigfried,Edensor,519-999-0165,99 Farragut Plaza,7/23/2021,8/1/2021
759,Magdalene,Warriner,845-464-4977,3 Forest Dale Lane,10/9/2021,4/15/2021
760,Granville,Lawlance,417-639-6143,334 Holy Cross Alley,9/3/2021,5/14/2021
761,Rose,Lumby,139-320-7161,9903 Artisan Avenue,9/8/2021,8/2/2021
762,Meris,Carillo,354-947-3020,787 Killdeer Way,4/1/2021,10/15/2021
763,Moina,Croall,757-982-4259,2 6th Circle,1/30/2021,11/19/2021
764,Pryce,Scimonelli,718-314-6430,677 Northridge Plaza,5/13/2021,6/24/2021
765,Flemming,Headland,532-752-6285,099 Fieldstone Avenue,8/25/2021,9/13/2021
766,Sissy,Bridges,658-837-5183,69 Duke Court,7/31/2021,12/12/2021
767,Glenna,Bampkin,433-187-4297,4821 Bunker Hill Street,2/25/2021,5/31/2021
768,Kirstin,Gremain,651-314-4192,393 Boyd Pass,10/27/2021,6/9/2021
769,Walton,Heskins,471-762-6040,6 Buell Point,11/22/2021,2/22/2021
770,Braden,Piquard,900-667-4248,98 Debra Court,10/5/2021,4/3/2021
771,Babbette,Bearne,783-979-6753,6 Raven Road,12/14/2021,6/12/2021
772,Alvin,Lambart,628-480-9861,7529 Shopko Alley,9/17/2021,3/7/2021
773,Ellary,Alabaster,618-565-2446,97762 1st Pass,3/1/2021,9/12/2021
774,Agustin,Gravenell,682-113-5931,64281 Tony Junction,8/30/2021,3/25/2021
775,Belia,Kubyszek,577-108-6816,4876 Kinsman Drive,10/25/2021,4/21/2021
776,Skylar,Gercken,107-314-7088,21 Roxbury Pass,10/28/2021,8/17/2021
777,Kessia,Prangley,435-397-8547,40515 Weeping Birch Avenue,8/27/2021,11/2/2021
778,Any,Iacoviello,708-317-5652,2 Charing Cross Circle,3/19/2021,6/20/2021
779,Huntlee,Whitehurst,900-197-7228,2 7th Street,9/20/2021,11/28/2021
780,Bert,McNiven,410-179-6083,25 Carberry Court,10/10/2021,12/15/2021
781,Steffi,Treble,492-167-7234,5 Chinook Alley,2/9/2021,10/23/2021
782,Rabbi,Edmans,215-666-8812,8042 Vidon Court,2/10/2021,5/19/2021
783,Flora,Olenin,868-299-1470,5363 Dunning Hill,8/8/2021,4/7/2021
784,Valli,Clay,415-505-0675,60584 Colorado Crossing,7/31/2021,1/18/2022
785,Paddy,Copland,526-507-8944,8 Marquette Street,6/12/2021,8/25/2021
786,Dawn,Clarycott,807-387-8281,09085 Elgar Trail,12/20/2021,12/10/2021
787,Wilow,Burnhams,675-837-5158,18 Oxford Crossing,7/11/2021,8/5/2021
788,Robbie,De Lorenzo,776-245-0766,3271 Mifflin Plaza,6/12/2021,5/8/2021
789,April,Thormann,175-146-7208,83 Gale Drive,8/31/2021,9/10/2021
790,Sorcha,Joselevitz,802-748-4098,67331 Victoria Place,11/22/2021,8/13/2021
791,Loren,Kelway,819-909-8108,5 Cody Alley,9/24/2021,10/30/2021
792,Hubert,Sheed,897-960-5080,36121 Hintze Terrace,8/11/2021,5/10/2021
793,Claudianus,Erwin,822-464-5413,1766 Vahlen Circle,3/28/2021,6/19/2021
794,Fawn,Airdrie,747-115-8157,6 Hoffman Terrace,12/11/2021,9/14/2021
795,Galvin,Keys,428-239-9242,39816 Basil Alley,3/14/2021,3/27/2021
796,Farlie,Crocombe,163-793-7975,72 Ryan Crossing,1/8/2022,7/11/2021
797,Rutledge,Dach,653-733-3487,08383 Oxford Terrace,11/12/2021,4/21/2021
798,Armin,Gowrich,489-606-5706,8668 Transport Trail,4/28/2021,6/25/2021
799,Dorene,Kerswill,791-143-8058,35 Talmadge Crossing,2/6/2021,5/6/2021
800,Halie,Layzell,778-220-3237,4998 Westerfield Junction,3/6/2021,1/10/2022
801,Seline,Soitoux,358-345-9430,87400 Clarendon Avenue,11/13/2021,7/22/2021
802,Neilla,Utterson,993-537-8757,031 Badeau Parkway,9/23/2021,3/20/2021
803,Sallie,Baverstock,433-586-8634,7432 Haas Avenue,8/18/2021,12/25/2021
804,Amalita,Robjant,519-761-1302,167 Fulton Hill,1/9/2022,7/3/2021
805,Sophie,Leman,695-916-9019,646 Pine View Lane,1/26/2021,9/28/2021
806,Rasla,Massey,839-192-3498,34168 Prentice Alley,4/19/2021,12/19/2021
807,Gae,Savine,710-787-7409,210 Maryland Avenue,11/18/2021,9/7/2021
808,Katharina,Pylkynyton,738-958-0789,9467 Graceland Circle,11/7/2021,5/7/2021
809,Kameko,Bowerman,581-443-9331,138 Clemons Pass,1/26/2021,8/16/2021
810,Klarrisa,Abden,180-198-0001,19707 Rowland Hill,2/4/2021,4/24/2021
811,Stirling,Atkinson,238-504-9373,5 Algoma Trail,10/10/2021,8/1/2021
812,Pauly,Boylund,397-897-2743,3 Magdeline Plaza,6/2/2021,1/15/2022
813,Inger,Shevlin,116-431-7560,68 Roxbury Parkway,2/18/2021,1/31/2021
814,Aile,Ribey,253-322-0000,5 Dottie Avenue,2/18/2021,11/12/2021
815,Carlee,Drains,279-332-3030,21390 Fairfield Court,7/21/2021,2/4/2021
816,Allissa,Ormerod,557-374-9146,74 Clemons Avenue,4/15/2021,8/29/2021
817,Skippy,Gumby,687-743-3197,58 Dunning Crossing,11/22/2021,6/6/2021
818,Nanon,Izzat,119-493-8243,497 Meadow Vale Trail,3/11/2021,11/6/2021
819,Shel,Harsnep,877-319-8712,8952 Duke Crossing,3/15/2021,11/7/2021
820,Carlynne,Havis,212-140-2041,7 Crescent Oaks Park,7/11/2021,9/8/2021
821,Ferdinand,Perkins,469-866-7406,6 Service Center,7/21/2021,10/16/2021
822,Nikoletta,Edmenson,255-283-4051,6351 Waywood Road,8/29/2021,9/27/2021
823,Paxon,Choppin,729-985-3504,29217 Lerdahl Court,10/6/2021,2/23/2021
824,Rafaelia,Magog,682-211-1878,944 Linden Court,4/17/2021,5/2/2021
825,Ardyce,Stanmore,635-387-0393,47264 Thackeray Alley,10/28/2021,11/5/2021
826,Gregoor,Bigland,533-550-4444,84213 Johnson Place,1/4/2022,7/9/2021
827,Jacquette,Clulee,875-897-7131,6019 Moulton Way,6/19/2021,12/13/2021
828,Pamela,Gaisford,827-510-1307,94 Onsgard Road,5/27/2021,5/2/2021
829,Mindy,Pacher,535-591-5138,51867 Hudson Hill,1/11/2022,9/6/2021
830,Logan,Osmon,177-875-8740,00 Thompson Road,1/7/2022,6/4/2021
831,Arv,Dunning,105-509-1416,5 Farwell Trail,11/30/2021,1/5/2022
832,Ulrikaumeko,Sawell,133-625-2976,07 Reindahl Crossing,9/3/2021,7/6/2021
833,Dunc,Byatt,497-693-5516,97492 2nd Way,10/19/2021,1/13/2022
834,Sharona,Barbosa,268-479-9815,213 Longview Lane,4/1/2021,9/22/2021
835,Leigha,Craythorn,571-722-0506,9595 Miller Point,8/8/2021,1/21/2022
836,Marian,Ganing,980-352-8809,6364 Morningstar Drive,9/25/2021,1/20/2022
837,Danya,Farnin,860-413-4243,0700 Brickson Park Place,1/26/2021,5/30/2021
838,Foss,Stanman,316-641-8234,8 Grover Parkway,5/3/2021,2/15/2021
839,Quinta,Prosch,800-435-2821,51548 Butterfield Plaza,1/29/2021,12/21/2021
840,Cairistiona,Jurkowski,482-671-8458,7 Orin Center,12/25/2021,2/23/2021
841,Cally,Reekie,600-507-8014,18 Florence Place,5/22/2021,2/20/2021
842,Moria,Proudman,935-644-7338,04703 Badeau Center,4/3/2021,7/14/2021
843,Gwendolen,Gong,160-463-9526,9 Calypso Trail,11/9/2021,12/18/2021
844,Kristofer,Fishpool,901-386-7307,41110 Anthes Lane,7/11/2021,2/20/2021
845,Leyla,Crudgington,964-280-3235,854 Springs Circle,5/17/2021,12/6/2021
846,Atlante,Lease,257-220-6190,6 Victoria Drive,5/7/2021,3/25/2021
847,Jayme,Amys,931-761-8925,997 Talisman Avenue,9/17/2021,10/5/2021
848,Vladimir,Lodge,770-961-9432,2708 Thackeray Court,7/28/2021,12/4/2021
849,Rosalinde,Van den Hof,280-221-5084,46 Everett Circle,3/17/2021,6/20/2021
850,Darwin,Winston,213-871-5076,9 Oriole Plaza,9/18/2021,7/9/2021
851,Romonda,Cardus,582-735-5627,21037 Sutteridge Court,3/23/2021,6/17/2021
852,Brendis,Getsham,481-496-9247,237 3rd Court,5/26/2021,1/24/2022
853,Patty,Deighton,388-629-7352,554 Karstens Plaza,3/3/2021,3/25/2021
854,Cheston,Sonner,458-472-8229,3281 Brown Circle,4/10/2021,5/1/2021
855,Bucky,Scalera,787-458-4239,8 Elgar Road,5/22/2021,12/6/2021
856,Vanessa,Hayley,409-415-1806,81904 Brickson Park Drive,11/10/2021,12/12/2021
857,Magdalen,Rothschild,201-636-7984,44400 Almo Trail,7/8/2021,12/4/2021
858,Cecelia,Bidewel,411-937-2905,16 Marquette Street,6/6/2021,8/29/2021
859,Coralie,Sircomb,252-540-5382,331 Valley Edge Parkway,3/5/2021,4/6/2021
860,Nessi,McCoughan,938-203-3597,51 Green Ridge Lane,5/2/2021,12/10/2021
861,Torrence,Duesberry,659-232-0202,3048 Carberry Plaza,1/27/2021,9/16/2021
862,Lydie,Walstow,129-570-2446,30661 Anthes Trail,5/18/2021,6/7/2021
863,Skippy,Antognazzi,641-555-2454,1941 Huxley Plaza,12/3/2021,6/25/2021
864,Nikaniki,Sloane,384-250-6686,2 Fremont Road,10/2/2021,11/30/2021
865,Catherina,Simonnot,126-273-5450,41 Arizona Plaza,9/10/2021,3/31/2021
866,Dierdre,Bruck,791-332-9570,49 Farwell Center,1/17/2022,8/15/2021
867,Lark,MacGarvey,175-553-8882,2103 Roth Point,5/2/2021,12/12/2021
868,Corine,Bargh,721-947-3392,0 Melrose Crossing,11/6/2021,7/12/2021
869,Miltie,Paige,509-316-6161,91 John Wall Avenue,6/24/2021,7/10/2021
870,Zach,Fricker,426-278-3361,1049 Spenser Park,6/14/2021,8/3/2021
871,Izabel,Rook,267-228-4373,8 Fairfield Junction,3/31/2021,2/24/2021
872,Grier,Baldick,719-838-8378,19650 Truax Pass,2/2/2021,5/4/2021
873,Murial,Handrock,277-614-4686,850 Badeau Drive,2/7/2021,8/12/2021
874,Lewiss,Blueman,911-364-8357,35 Anthes Park,2/10/2021,9/30/2021
875,Faina,Titchmarsh,331-749-0910,689 Truax Park,10/4/2021,7/27/2021
876,Nerty,Curson,185-960-3222,4 Florence Way,4/14/2021,6/18/2021
877,Arlen,Dufour,970-108-5811,37 Heath Terrace,9/15/2021,11/6/2021
878,Smith,Alltimes,240-776-7362,70 Atwood Parkway,2/8/2021,2/7/2021
879,Ezmeralda,Coggins,571-901-7247,8 Bobwhite Junction,5/2/2021,9/9/2021
880,Eugenie,Ofen,601-396-9588,293 Fuller Road,6/7/2021,8/29/2021
881,Remington,Igo,624-722-6493,81 Arkansas Junction,3/30/2021,7/19/2021
882,Krissie,Oates,182-734-7263,210 Riverside Court,7/8/2021,3/21/2021
883,Belvia,Domoney,867-898-6674,84 Florence Trail,5/7/2021,5/24/2021
884,Corby,Higginbottam,279-656-2895,88660 Superior Alley,5/25/2021,12/19/2021
885,Mercedes,Ritmeyer,470-496-8213,3 West Pass,11/28/2021,8/10/2021
886,Phineas,Ruggier,872-976-2507,2950 Summer Ridge Avenue,9/20/2021,8/4/2021
887,Edi,Rugg,405-675-7390,5623 Elka Junction,9/25/2021,11/23/2021
888,Inge,Farrell,883-620-5124,54745 Warbler Parkway,2/11/2021,3/4/2021
889,Jerrie,Heake,894-701-3718,815 Gulseth Street,6/3/2021,9/8/2021
890,Rice,Winnister,931-232-6636,628 Beilfuss Parkway,1/15/2022,6/20/2021
891,Kanya,Sellars,353-843-5374,50610 Troy Pass,12/13/2021,4/21/2021
892,Mirabella,Fallen,581-350-4409,947 Haas Road,5/3/2021,3/20/2021
893,Gerianne,Haycox,118-388-5308,1 Lien Way,2/7/2021,12/26/2021
894,Tann,Junkinson,814-853-5616,12976 Eastlawn Place,2/12/2021,2/9/2021
895,Carlye,Maskrey,240-824-5482,570 Burning Wood Road,8/26/2021,9/1/2021
896,Goldia,Jedrzejkiewicz,568-583-3605,17248 Fair Oaks Avenue,11/6/2021,4/30/2021
897,Joni,Brecher,702-492-1637,29 Glendale Crossing,3/14/2021,3/12/2021
898,Chick,Vakhlov,249-288-6199,0 Heath Drive,11/4/2021,11/9/2021
899,Atlanta,Hallard,971-782-9992,617 Jackson Terrace,8/18/2021,4/21/2021
900,Sancho,Starking,448-305-4668,59907 Dovetail Point,9/29/2021,2/19/2021
901,Rosaline,Dahlman,786-454-1387,838 Victoria Alley,10/22/2021,2/7/2021
902,Xavier,Carless,515-624-0107,64 Laurel Plaza,10/17/2021,10/25/2021
903,Ursulina,Ingleston,745-719-0929,1 Badeau Pass,8/11/2021,11/16/2021
904,Zachery,Petric,976-811-1059,04844 Mifflin Drive,7/20/2021,10/1/2021
905,Wyatan,Sheirlaw,478-463-0276,300 Sycamore Terrace,8/19/2021,4/29/2021
906,Ami,Frank,331-663-8134,7521 Holmberg Drive,8/30/2021,11/10/2021
907,Leigha,Rives,568-128-8018,348 Basil Way,11/29/2021,6/21/2021
908,Ken,Kehoe,989-647-1957,8 Rutledge Avenue,7/12/2021,3/4/2021
909,Josie,O'Crigan,224-322-8571,9 Westerfield Crossing,6/16/2021,1/14/2022
910,Christyna,Haggidon,730-725-4197,734 Heath Point,4/30/2021,7/27/2021
911,Mufi,Phythien,154-708-3728,08201 Chinook Crossing,12/10/2021,10/9/2021
912,Esta,Osmund,662-144-1464,8227 Forest Pass,1/26/2021,3/3/2021
913,Hyacinthe,Hiner,473-226-3666,701 Grasskamp Court,11/3/2021,4/6/2021
914,Gaby,Janaszkiewicz,787-240-2019,73 Scofield Plaza,11/2/2021,1/10/2022
915,Barbee,Leddie,305-443-0021,6793 Atwood Road,8/2/2021,12/11/2021
916,Wendel,Bravey,790-871-6435,5 Florence Drive,3/12/2021,8/10/2021
917,Melodee,Arendsen,595-483-3737,352 Oneill Trail,5/6/2021,5/21/2021
918,De witt,Gloucester,503-348-0039,969 Corry Point,1/29/2021,6/28/2021
919,Gabriell,Brandreth,347-501-2418,5 Buena Vista Junction,7/9/2021,1/28/2021
920,Juieta,Brashaw,304-496-5915,873 Lakewood Road,9/22/2021,9/21/2021
921,Simon,Maber,306-298-3607,8 Mockingbird Plaza,8/3/2021,12/22/2021
922,Benedick,Radloff,809-314-9269,5 Badeau Pass,9/24/2021,1/12/2022
923,Marga,Ferroli,638-428-7705,580 Hintze Crossing,11/13/2021,5/27/2021
924,Merilee,Tweedie,752-759-1791,56267 Sachs Trail,1/15/2022,9/25/2021
925,Terrel,Debow,876-565-6012,21 Park Meadow Avenue,4/28/2021,3/25/2021
926,Clemente,Surplice,469-171-0742,82 Almo Plaza,12/23/2021,6/19/2021
927,Eloise,Gilardengo,888-713-2680,715 Valley Edge Trail,6/12/2021,10/25/2021
928,Roxy,Gonzales,251-494-0814,12 Marquette Park,8/7/2021,8/11/2021
929,Filbert,Theobold,426-493-4517,990 Birchwood Way,10/14/2021,12/21/2021
930,Sacha,Rojel,569-751-7991,50877 Lakeland Center,4/29/2021,10/22/2021
931,Alyss,Aylmer,587-692-6033,4 Quincy Pass,7/2/2021,10/14/2021
932,Brien,Cotta,923-789-2080,22794 Main Court,4/22/2021,1/10/2022
933,Nissie,Raoul,325-519-6602,0782 Ruskin Drive,12/12/2021,5/26/2021
934,Faulkner,Dabes,266-311-8347,26253 Fulton Hill,4/2/2021,8/4/2021
935,Ilysa,Epperson,490-240-9089,9461 Rowland Point,5/2/2021,6/24/2021
936,Chickie,Goning,286-475-7106,71 Ryan Plaza,6/29/2021,7/3/2021
937,Guilbert,Wakerley,340-495-9064,378 Acker Street,11/1/2021,12/15/2021
938,Waylen,Keddie,988-591-9930,0 Scoville Parkway,9/23/2021,3/25/2021
939,Pascale,Hucklesby,793-938-1089,587 Claremont Way,11/17/2021,4/11/2021
940,Cyndy,Seivertsen,100-809-2021,7567 Oriole Hill,12/9/2021,12/6/2021
941,Sibbie,Boow,613-875-0338,75 Golf Road,10/22/2021,6/21/2021
942,Teddie,Scheffler,964-467-0745,6303 Ronald Regan Hill,7/14/2021,11/20/2021
943,Edlin,Dunbobbin,221-941-0865,672 Crest Line Alley,8/10/2021,9/13/2021
944,Ianthe,Cosby,361-770-9100,752 Jenifer Avenue,5/16/2021,3/22/2021
945,Madge,Ferronier,922-250-9935,92456 Stuart Court,9/29/2021,4/3/2021
946,Felecia,Wearing,862-790-8811,1582 7th Point,10/18/2021,10/18/2021
947,Esther,Skocroft,876-753-9847,5 Menomonie Way,6/6/2021,9/18/2021
948,Cami,Kilner,797-323-6676,60254 Vidon Place,5/19/2021,10/26/2021
949,Rozalin,Janisson,260-215-9300,877 Lakewood Gardens Terrace,9/17/2021,12/21/2021
950,Annissa,Giacopini,646-631-2611,188 Manitowish Point,11/27/2021,6/16/2021
951,Sonnnie,Gilcrist,702-958-5725,65698 Corben Drive,2/16/2021,6/4/2021
952,Christiane,Moxson,492-229-7829,294 Buena Vista Trail,2/21/2021,12/28/2021
953,Drud,Babington,530-186-8529,81707 Hoard Court,1/31/2021,7/19/2021
954,Marissa,Sambrok,660-589-1636,3 Fordem Trail,2/9/2021,2/27/2021
955,Valeda,Jolland,179-966-6157,036 Glendale Court,4/18/2021,2/19/2021
956,Marlane,Purtell,280-104-2404,3 Spaight Terrace,4/24/2021,10/30/2021
957,Kippy,Wellstood,414-750-4392,704 Prentice Junction,11/5/2021,3/19/2021
958,Angelika,Minmagh,440-904-2581,7 Caliangt Lane,3/14/2021,1/7/2022
959,Amye,Eivers,817-126-6432,6 Londonderry Road,2/7/2021,8/17/2021
960,Vladamir,Brayshaw,936-156-6212,74935 Oak Valley Alley,12/13/2021,10/5/2021
961,Agata,MacKeogh,701-962-6721,868 Delaware Crossing,7/13/2021,1/16/2022
962,Shalna,Malitrott,303-360-1085,6 Shoshone Road,3/7/2021,8/2/2021
963,Lucio,Alkins,354-188-1654,6270 Clarendon Junction,6/3/2021,2/10/2021
964,Vassili,Giacobo,217-693-3540,5 Ramsey Lane,2/2/2021,8/23/2021
965,Hollie,Dagleas,542-721-4741,8 Kennedy Junction,11/12/2021,1/16/2022
966,Chere,Tremblot,655-169-9336,6985 Bobwhite Drive,9/9/2021,8/21/2021
967,Jan,Mushart,101-923-0549,1 Elka Way,1/29/2021,12/15/2021
968,Amabel,Ingle,379-651-0427,45 Montana Plaza,11/30/2021,3/15/2021
969,Windy,Winstone,508-589-7642,0142 Crescent Oaks Lane,8/31/2021,12/25/2021
970,Nicol,Geharke,288-870-4237,07325 Tennyson Hill,4/26/2021,11/27/2021
971,Reese,Greatrakes,728-781-8765,19859 Clove Way,2/27/2021,12/22/2021
972,Ardelia,Sircomb,639-517-0146,43 Truax Park,1/21/2022,1/4/2022
973,Aeriel,McAughtrie,933-194-9691,06 Tennessee Point,12/13/2021,9/23/2021
974,Doy,Harbar,492-793-0365,9138 Gerald Lane,12/19/2021,11/8/2021
975,Lindi,McWhinnie,560-986-3878,3 Mcguire Avenue,11/6/2021,12/28/2021
976,Kali,Hindrich,373-457-6587,29348 Kim Circle,5/17/2021,4/8/2021
977,Goober,Burrows,148-121-9211,1222 Delladonna Trail,7/13/2021,7/24/2021
978,Iorgos,Navein,397-227-6044,67359 Atwood Park,7/29/2021,11/28/2021
979,Sonia,Rozea,689-251-4917,1536 Little Fleur Circle,3/12/2021,3/25/2021
980,Trever,Turvie,699-456-8111,916 Ryan Plaza,2/18/2021,9/7/2021
981,Marinna,McMechan,808-576-1949,744 Wayridge Plaza,3/18/2021,7/4/2021
982,Madel,Belvard,979-849-2620,892 Fremont Lane,1/13/2022,2/3/2021
983,Loydie,Eyles,696-506-9244,84369 Basil Crossing,7/7/2021,6/1/2021
984,Cammi,Vanderplas,249-568-2046,78877 Maywood Circle,1/10/2022,2/17/2021
985,Karolina,Garlee,305-135-2506,2 American Ash Pass,12/8/2021,10/10/2021
986,Stefania,Edmott,455-559-0204,067 Granby Street,2/21/2021,5/15/2021
987,Hollie,Veness,346-410-4428,8087 Golf Course Way,3/24/2021,6/16/2021
988,Ogden,Burrus,510-284-4351,488 Westridge Trail,4/22/2021,10/12/2021
989,Dalt,Oloman,664-644-2814,386 Summerview Hill,1/8/2022,8/19/2021
990,Lulita,Manjin,460-840-7843,46839 Novick Point,9/22/2021,3/22/2021
991,Howard,Geering,828-915-9806,040 La Follette Place,11/9/2021,1/24/2022
992,Thor,Goodred,770-549-8359,72164 Lukken Parkway,2/7/2021,10/5/2021
993,Bonni,Spaducci,510-779-1795,4 Parkside Circle,1/26/2021,10/3/2021
994,Mufinella,Tasch,503-463-8842,54324 Vernon Place,1/9/2022,5/17/2021
995,Carleton,Wigley,666-842-3266,59 Comanche Avenue,9/9/2021,12/27/2021
996,Basilio,Avison,501-250-2632,287 Jana Place,5/26/2021,11/17/2021
997,Clerc,Calver,720-875-5250,0 5th Avenue,3/13/2021,4/26/2021
998,Darrel,Carwithim,418-354-8412,1 Bunting Alley,2/16/2021,2/19/2021
999,Hannah,Biesty,125-957-7424,68 Mcguire Junction,9/29/2021,1/25/2022
1000,Pablo,Lovart,714-408-3087,77 Hansons Trail,3/14/2021,2/26/2021
